,threads,size,nproma,repetition,execution_time
0,1,4096,128,12,682
1,1,65536,64,5,10866
2,1,32768,16,4,5636
3,2,16384,16,0,1679
4,8,4096,16,16,113
5,1,16384,128,16,2712
6,32,32768,16,5,254
7,32,4096,16,6,40
8,32,16384,16,18,130
9,1,8192,16,1,1414
10,2,131072,16,0,13320
11,1,32768,16,15,5634
12,32,32768,16,2,259
13,32,4096,16,1,40
14,1,8192,16,6,1415
15,32,65536,16,18,562
16,1,32768,16,12,5633
17,2,131072,16,7,13299
18,1,262144,16,18,45035
19,1,4096,128,15,682
20,1,65536,64,2,10864
21,1,32768,16,3,5636
22,8,4096,16,11,113
23,4,65536,16,9,3364
24,2,16384,16,7,1676
25,2,32768,16,8,3323
26,1,16384,128,11,2717
27,32,16384,16,3,137
28,32,16384,16,11,134
29,1,8192,16,8,1414
30,4,131072,16,13,6734
31,2,131072,16,9,13295
32,32,65536,16,16,580
33,1,262144,16,16,45080
34,1,4096,128,5,683
35,1,4096,64,14,681
36,16,4096,16,3,68
37,8,262144,16,14,7558
38,4,131072,16,3,6728
39,1,262144,16,5,45063
40,2,16384,16,9,1674
41,4,65536,16,7,3366
42,1,16384,16,2,2822
43,16,65536,16,4,1182
44,32,131072,16,14,1657
45,2,32768,16,6,3334
46,1,262144,16,11,45060
47,1,4096,64,13,681
48,1,4096,128,2,683
49,16,4096,16,4,65
50,8,262144,16,13,7561
51,1,262144,16,2,45082
52,4,131072,16,4,6728
53,4,65536,16,0,3360
54,8,4096,16,18,113
55,16,65536,16,3,1198
56,1,16384,128,18,2711
57,1,16384,16,5,2820
58,2,32768,16,1,3341
59,32,131072,16,13,1720
60,32,16384,16,4,130
61,32,4096,16,8,40
62,32,16384,16,16,133
63,4,131072,16,14,6730
64,32,65536,16,11,564
65,32,262144,16,8,3372
66,1,8192,64,16,1353
67,1,8192,128,7,1359
68,1,131072,16,15,22527
69,32,65536,16,7,558
70,1,8192,64,2,1354
71,16,131072,16,9,2817
72,4,8192,16,6,424
73,32,262144,16,17,3382
74,8,8192,16,3,221
75,8,131072,16,17,3752
76,1,16384,64,8,2719
77,1,32768,64,7,5436
78,32,32768,16,11,252
79,2,4096,16,9,419
80,1,65536,16,6,11272
81,16,16384,16,0,250
82,4,16384,16,3,848
83,4,262144,16,10,13460
84,1,32768,64,0,5435
85,32,32768,16,16,255
86,1,262144,64,8,43418
87,16,16384,16,7,242
88,1,65536,16,1,11266
89,16,32768,16,8,480
90,4,16384,16,4,846
91,4,262144,16,17,13460
92,1,131072,128,19,21612
93,1,8192,128,0,1362
94,1,8192,64,11,1355
95,1,131072,16,12,22544
96,32,65536,16,0,566
97,1,8192,64,5,1355
98,32,262144,16,10,3422
99,4,8192,16,1,424
100,8,8192,16,4,218
101,8,131072,16,10,3751
102,1,16384,64,1,2720
103,1,65536,16,12,11269
104,1,262144,64,6,43485
105,32,32768,16,18,252
106,16,16384,16,9,241
107,4,32768,16,5,1682
108,2,4096,16,0,421
109,2,65536,16,4,6652
110,16,32768,16,6,476
111,1,65536,128,14,10810
112,1,16384,16,15,2823
113,4,262144,16,19,13474
114,8,131072,16,5,3736
115,32,262144,16,1,3381
116,1,131072,128,17,21580
117,16,131072,16,0,2747
118,8,8192,16,14,219
119,32,262144,16,6,3355
120,8,131072,16,2,3756
121,1,8192,128,9,1360
122,1,8192,64,18,1357
123,1,131072,128,10,21633
124,16,131072,16,7,2763
125,32,65536,16,9,578
126,4,8192,16,8,422
127,32,262144,16,19,3393
128,8,8192,16,13,219
129,8,131072,16,19,3750
130,1,16384,64,6,2719
131,1,32768,64,9,5436
132,1,65536,16,15,11264
133,1,262144,64,1,43439
134,1,65536,16,8,11271
135,4,32768,16,2,1680
136,2,4096,16,7,420
137,2,65536,16,3,6664
138,1,65536,128,13,10808
139,16,32768,16,1,481
140,1,16384,16,12,2823
141,8,16384,16,18,440
142,1,8192,128,15,1359
143,1,8192,16,14,1414
144,1,131072,128,6,21582
145,1,131072,64,17,21699
146,16,8192,16,9,123
147,4,32768,16,17,1682
148,2,262144,16,4,26645
149,1,32768,128,19,5409
150,4,4096,16,17,213
151,16,4096,16,14,70
152,1,65536,128,8,10829
153,32,8192,16,5,69
154,1,65536,64,19,10889
155,16,131072,16,17,2747
156,1,4096,16,2,710
157,1,131072,16,8,22537
158,32,8192,16,15,69
159,8,65536,16,8,1818
160,4,4096,16,10,213
161,16,4096,16,13,69
162,32,8192,16,2,67
163,16,131072,16,10,2782
164,1,4096,16,5,711
165,4,262144,16,9,13480
166,1,16384,128,8,2718
167,32,8192,16,12,69
168,1,16384,64,19,2719
169,1,8192,128,12,1361
170,2,8192,16,18,834
171,1,8192,16,13,1413
172,1,131072,64,10,21726
173,1,131072,128,1,21597
174,2,262144,16,3,26624
175,4,32768,16,10,1683
176,8,65536,16,18,1823
177,8,65536,16,6,1828
178,2,131072,16,12,13316
179,1,65536,128,1,10821
180,1,65536,64,10,10892
181,1,16384,64,17,2719
182,1,16384,128,6,2710
183,4,262144,16,7,13461
184,1,131072,16,1,22552
185,2,32768,16,14,3329
186,2,8192,16,16,832
187,8,16384,16,11,441
188,16,8192,16,0,123
189,16,16384,16,14,240
190,8,65536,16,16,1821
191,1,32768,128,10,5416
192,16,65536,16,13,1176
193,2,8192,16,11,833
194,8,16384,16,16,443
195,1,131072,64,19,21705
196,1,131072,128,8,21687
197,16,16384,16,13,242
198,16,8192,16,7,122
199,8,65536,16,11,1825
200,4,32768,16,19,1683
201,1,32768,128,17,5411
202,16,65536,16,14,1160
203,2,131072,16,15,13310
204,4,4096,16,19,212
205,8,65536,16,1,1823
206,1,65536,64,17,10861
207,1,65536,128,6,10810
208,16,131072,16,19,2761
209,1,16384,128,1,2705
210,1,16384,64,10,2724
211,2,32768,16,13,3334
212,1,131072,16,6,22547
213,4,262144,16,0,13464
214,4,65536,16,19,3365
215,8,32768,16,11,872
216,16,32768,16,14,472
217,1,4096,64,1,681
218,8,16384,16,2,443
219,2,4096,16,14,421
220,8,4096,16,0,112
221,4,4096,16,5,213
222,1,262144,128,12,43288
223,2,65536,16,13,6663
224,2,262144,16,11,26608
225,8,262144,16,8,7565
226,1,32768,128,6,5407
227,1,32768,64,17,5430
228,2,16384,16,14,1677
229,16,8192,16,18,123
230,1,262144,128,15,43225
231,2,262144,16,16,26638
232,2,65536,16,14,6657
233,32,4096,16,19,38
234,1,32768,64,10,5428
235,1,32768,128,1,5405
236,2,16384,16,13,1677
237,8,32768,16,16,871
238,1,4096,16,18,711
239,16,32768,16,13,471
240,2,4096,16,13,418
241,1,4096,64,6,681
242,8,16384,16,5,440
243,8,4096,16,7,113
244,4,4096,16,2,212
245,4,16384,16,19,846
246,16,262144,16,4,5466
247,16,8192,16,16,122
248,32,131072,16,5,1750
249,8,262144,16,1,7544
250,2,262144,16,18,26628
251,4,8192,16,15,425
252,2,8192,16,3,831
253,32,4096,16,17,37
254,16,262144,16,14,5497
255,1,262144,128,5,43178
256,1,131072,64,2,21718
257,8,32768,16,18,871
258,1,262144,64,14,43443
259,4,65536,16,10,3365
260,8,32768,16,4,871
261,1,4096,16,16,711
262,1,4096,64,8,681
263,8,4096,16,9,112
264,4,16384,16,17,848
265,1,262144,64,13,43384
266,1,131072,64,5,21759
267,1,262144,128,2,43236
268,4,65536,16,17,3364
269,8,32768,16,3,870
270,1,4096,16,11,712
271,4,16384,16,10,848
272,16,262144,16,3,5474
273,16,8192,16,11,122
274,8,262144,16,6,7541
275,32,131072,16,2,1686
276,4,8192,16,12,424
277,2,8192,16,4,838
278,32,4096,16,10,38
279,1,32768,64,19,5431
280,16,262144,16,13,5484
281,1,32768,128,8,5416
282,32,262144,16,7,3419
283,8,131072,16,3,3749
284,1,131072,128,11,21609
285,1,8192,128,8,1357
286,1,8192,64,19,1355
287,32,65536,16,8,571
288,16,131072,16,6,2768
289,32,262144,16,18,3422
290,4,8192,16,9,424
291,8,8192,16,12,219
292,8,131072,16,18,3744
293,1,16384,64,7,2722
294,1,32768,64,8,5425
295,1,262144,64,0,43450
296,1,65536,16,14,11265
297,2,4096,16,6,418
298,4,32768,16,3,1679
299,1,65536,16,9,11266
300,1,65536,128,12,10836
301,16,32768,16,0,538
302,2,65536,16,2,6662
303,1,16384,16,13,2824
304,1,16384,64,0,2724
305,1,262144,64,7,43506
306,32,32768,16,19,253
307,1,65536,16,13,11273
308,2,4096,16,1,419
309,4,32768,16,4,1681
310,16,16384,16,8,243
311,16,32768,16,7,471
312,1,65536,128,15,10804
313,2,65536,16,5,6666
314,4,262144,16,18,13463
315,1,16384,16,14,2823
316,8,131072,16,4,3750
317,32,262144,16,0,3454
318,1,131072,128,16,21621
319,16,131072,16,1,2779
320,8,8192,16,15,218
321,1,32768,64,1,5431
322,32,32768,16,17,252
323,1,262144,64,9,43458
324,16,16384,16,6,242
325,1,65536,16,0,11265
326,4,16384,16,5,845
327,16,32768,16,9,470
328,4,262144,16,16,13464
329,1,8192,128,1,1362
330,1,8192,64,10,1355
331,1,131072,128,18,21637
332,1,131072,16,13,22530
333,1,8192,64,4,1356
334,32,65536,16,1,575
335,8,8192,16,5,219
336,4,8192,16,0,424
337,32,262144,16,11,3350
338,8,131072,16,11,3754
339,32,262144,16,9,3429
340,1,8192,64,17,1354
341,1,8192,128,6,1360
342,1,131072,16,14,22533
343,16,131072,16,8,2784
344,1,8192,64,3,1355
345,32,65536,16,6,579
346,8,8192,16,2,219
347,32,262144,16,16,3417
348,4,8192,16,7,421
349,8,131072,16,16,3749
350,1,16384,64,9,2720
351,1,32768,64,6,5434
352,32,32768,16,10,257
353,1,65536,16,7,11265
354,16,16384,16,1,238
355,2,4096,16,8,418
356,4,16384,16,2,848
357,4,262144,16,11,13471
358,1,262144,16,10,45068
359,1,4096,64,12,680
360,1,4096,128,3,682
361,16,4096,16,5,67
362,8,262144,16,12,7552
363,1,262144,16,3,45043
364,4,131072,16,5,6724
365,8,4096,16,19,112
366,4,65536,16,1,3365
367,2,32768,16,0,3337
368,32,131072,16,12,1676
369,16,65536,16,2,1173
370,1,16384,128,19,2713
371,1,16384,16,4,2821
372,32,16384,16,5,132
373,32,4096,16,9,38
374,32,16384,16,17,139
375,4,131072,16,15,6734
376,32,65536,16,10,543
377,32,16384,16,2,135
378,32,16384,16,10,134
379,1,8192,16,9,1413
380,4,131072,16,12,6725
381,32,65536,16,17,585
382,2,131072,16,8,13304
383,1,262144,16,17,45064
384,1,4096,128,4,683
385,1,4096,64,15,681
386,16,4096,16,2,65
387,8,262144,16,15,7548
388,4,131072,16,2,6721
389,1,262144,16,4,45052
390,2,16384,16,8,1676
391,4,65536,16,6,3362
392,32,131072,16,15,1673
393,2,32768,16,7,3336
394,1,16384,16,3,2823
395,16,65536,16,5,1208
396,32,32768,16,3,256
397,32,4096,16,0,38
398,1,8192,16,7,1414
399,1,32768,16,13,5637
400,2,131072,16,6,13322
401,32,65536,16,19,541
402,1,262144,16,19,45068
403,1,65536,64,3,10872
404,1,4096,128,14,682
405,4,65536,16,8,3361
406,8,4096,16,10,113
407,2,16384,16,6,1678
408,1,32768,16,2,5638
409,1,16384,128,10,2710
410,2,32768,16,9,3334
411,1,65536,64,4,10871
412,1,4096,128,13,683
413,2,16384,16,1,1678
414,8,4096,16,17,113
415,1,32768,16,5,5637
416,1,16384,128,17,2712
417,32,32768,16,4,257
418,32,4096,16,7,38
419,32,16384,16,19,133
420,1,8192,16,0,1414
421,2,131072,16,1,13327
422,1,32768,16,14,5637
423,4,65536,16,16,3362
424,1,131072,64,4,21716
425,1,262144,64,12,43409
426,1,262144,128,3,43185
427,1,4096,16,10,711
428,8,32768,16,2,869
429,4,16384,16,11,849
430,16,262144,16,2,5488
431,16,8192,16,10,123
432,4,8192,16,13,424
433,8,262144,16,7,7543
434,32,131072,16,3,1722
435,2,8192,16,5,837
436,32,4096,16,11,41
437,1,32768,64,18,5436
438,16,262144,16,12,5509
439,1,32768,128,9,5412
440,16,262144,16,5,5497
441,16,8192,16,17,120
442,4,8192,16,14,422
443,2,262144,16,19,26611
444,32,131072,16,4,1689
445,8,262144,16,0,7561
446,2,8192,16,2,829
447,32,4096,16,16,40
448,16,262144,16,15,5541
449,4,65536,16,11,3359
450,1,262144,128,4,43195
451,8,32768,16,19,871
452,1,262144,64,15,43429
453,1,131072,64,3,21774
454,1,4096,16,17,711
455,8,32768,16,5,872
456,1,4096,64,9,680
457,8,4096,16,8,113
458,4,16384,16,16,848
459,1,262144,128,14,43238
460,16,8192,16,19,123
461,2,262144,16,17,26663
462,2,65536,16,15,6665
463,32,4096,16,18,39
464,2,16384,16,12,1675
465,1,32768,64,11,5429
466,1,32768,128,0,5406
467,8,32768,16,17,869
468,1,4096,16,19,711
469,16,32768,16,12,473
470,2,4096,16,12,419
471,8,16384,16,4,440
472,1,4096,64,7,682
473,4,4096,16,3,212
474,8,4096,16,6,112
475,4,16384,16,18,847
476,8,32768,16,10,873
477,4,65536,16,18,3364
478,16,32768,16,15,485
479,8,16384,16,3,438
480,1,4096,64,0,681
481,2,4096,16,15,418
482,4,4096,16,4,212
483,8,4096,16,1,112
484,1,262144,128,13,43219
485,8,262144,16,9,7554
486,2,65536,16,12,6667
487,2,262144,16,10,26634
488,2,16384,16,15,1677
489,1,32768,128,7,5411
490,1,32768,64,16,5433
491,8,16384,16,17,442
492,2,8192,16,10,832
493,1,131072,64,18,21713
494,1,131072,128,9,21614
495,16,8192,16,6,123
496,16,16384,16,12,240
497,4,32768,16,18,1682
498,8,65536,16,10,1836
499,1,32768,128,16,5406
500,16,65536,16,15,1213
501,2,131072,16,14,13323
502,8,65536,16,0,1825
503,4,4096,16,18,214
504,1,65536,64,16,10874
505,1,65536,128,7,10807
506,16,131072,16,18,2759
507,2,32768,16,12,3334
508,1,131072,16,7,22543
509,4,262144,16,1,13464
510,1,16384,128,0,2712
511,1,16384,64,11,2723
512,8,65536,16,7,1828
513,2,131072,16,13,13307
514,1,65536,128,0,10808
515,1,65536,64,11,10859
516,4,262144,16,6,13469
517,1,131072,16,0,22543
518,2,32768,16,15,3356
519,1,16384,64,16,2719
520,1,16384,128,7,2714
521,8,16384,16,10,439
522,2,8192,16,17,831
523,16,16384,16,15,244
524,16,8192,16,1,123
525,8,65536,16,17,1826
526,1,32768,128,11,5418
527,16,65536,16,12,1229
528,4,4096,16,11,213
529,8,65536,16,9,1821
530,16,4096,16,12,68
531,32,8192,16,3,67
532,1,4096,16,4,711
533,16,131072,16,11,2762
534,32,8192,16,13,67
535,1,16384,128,9,2709
536,1,16384,64,18,2721
537,4,262144,16,8,13468
538,1,8192,128,13,1360
539,2,8192,16,19,833
540,1,8192,16,12,1415
541,1,131072,64,11,21713
542,1,131072,128,0,21588
543,8,65536,16,19,1821
544,2,262144,16,2,26631
545,4,32768,16,11,1681
546,8,16384,16,19,441
547,1,8192,128,14,1362
548,1,8192,16,15,1413
549,1,131072,128,7,21589
550,1,131072,64,16,21760
551,16,8192,16,8,122
552,4,32768,16,16,1682
553,2,262144,16,5,26673
554,1,32768,128,18,5416
555,4,4096,16,16,213
556,16,4096,16,15,67
557,1,65536,128,9,10831
558,1,65536,64,18,10865
559,32,8192,16,4,66
560,1,4096,16,3,711
561,16,131072,16,16,2778
562,32,8192,16,14,66
563,1,131072,16,9,22535
564,16,262144,16,6,5505
565,8,262144,16,3,7545
566,32,131072,16,7,1668
567,4,8192,16,17,423
568,2,65536,16,18,6667
569,1,262144,128,19,43202
570,16,8192,16,14,122
571,32,4096,16,15,40
572,2,8192,16,1,834
573,16,262144,16,16,5523
574,1,262144,64,16,43416
575,1,131072,64,0,21724
576,1,262144,128,7,43280
577,4,65536,16,12,3358
578,8,16384,16,9,442
579,8,32768,16,6,873
580,1,4096,16,14,710
581,4,16384,16,15,846
582,1,262144,128,0,43263
583,1,131072,64,7,21745
584,1,262144,64,11,43451
585,4,65536,16,15,3363
586,2,4096,16,18,419
587,8,32768,16,1,871
588,16,32768,16,18,477
589,1,4096,16,13,710
590,4,16384,16,12,849
591,4,4096,16,9,213
592,16,262144,16,1,5465
593,32,131072,16,0,1681
594,8,262144,16,4,7541
595,4,8192,16,10,424
596,16,8192,16,13,122
597,32,4096,16,12,38
598,2,8192,16,6,833
599,2,16384,16,18,1676
600,16,262144,16,11,5504
601,1,131072,64,9,21721
602,8,32768,16,13,871
603,2,4096,16,16,419
604,1,4096,64,3,681
605,8,16384,16,0,447
606,16,32768,16,16,480
607,8,4096,16,2,113
608,4,4096,16,7,213
609,2,262144,16,13,26630
610,2,65536,16,11,6660
611,1,262144,128,10,43258
612,2,8192,16,8,836
613,1,32768,64,15,5430
614,1,32768,128,4,5420
615,2,16384,16,16,1674
616,16,262144,16,8,5450
617,4,8192,16,19,423
618,2,65536,16,16,6662
619,2,262144,16,14,26670
620,32,131072,16,9,1713
621,1,262144,128,17,43229
622,16,262144,16,18,5451
623,1,32768,128,3,5408
624,1,32768,64,12,5433
625,2,16384,16,11,1678
626,1,262144,128,9,43160
627,1,262144,64,18,43461
628,8,32768,16,14,869
629,1,4096,64,4,682
630,8,16384,16,7,442
631,2,4096,16,11,422
632,16,32768,16,11,476
633,8,32768,16,8,873
634,8,4096,16,5,112
635,4,4096,16,0,213
636,2,131072,16,10,13295
637,8,65536,16,4,1819
638,1,65536,64,12,10867
639,1,65536,128,3,10834
640,1,4096,16,9,711
641,1,16384,128,4,2716
642,1,16384,64,15,2720
643,2,32768,16,16,3332
644,1,131072,16,3,22552
645,4,262144,16,5,13473
646,2,8192,16,14,832
647,8,16384,16,13,442
648,16,16384,16,16,241
649,16,8192,16,2,123
650,1,32768,128,12,5418
651,8,65536,16,14,1826
652,16,65536,16,11,1200
653,1,8192,16,18,1412
654,2,8192,16,13,835
655,8,16384,16,14,441
656,1,8192,128,19,1360
657,16,8192,16,5,121
658,16,16384,16,11,241
659,1,32768,128,15,5415
660,8,65536,16,13,1822
661,2,262144,16,8,26641
662,16,65536,16,16,1171
663,16,4096,16,18,70
664,8,65536,16,3,1825
665,2,131072,16,17,13287
666,1,65536,128,4,10803
667,1,65536,64,15,10856
668,32,8192,16,9,66
669,1,16384,64,12,2721
670,1,16384,128,3,2712
671,32,8192,16,19,67
672,4,262144,16,2,13472
673,1,131072,16,4,22545
674,2,32768,16,11,3339
675,1,8192,16,16,1414
676,1,8192,128,17,1360
677,1,131072,64,15,21706
678,1,131072,128,4,21574
679,2,262144,16,6,26655
680,4,32768,16,15,1681
681,16,65536,16,18,1185
682,16,4096,16,16,67
683,2,131072,16,19,13316
684,4,4096,16,15,213
685,32,8192,16,7,71
686,16,131072,16,15,2781
687,1,4096,16,0,715
688,32,8192,16,17,67
689,16,4096,16,11,67
690,4,4096,16,12,213
691,32,8192,16,0,67
692,16,131072,16,12,2797
693,1,4096,16,7,711
694,2,32768,16,18,3328
695,32,8192,16,10,68
696,1,8192,16,11,1414
697,1,8192,128,10,1358
698,16,16384,16,18,242
699,1,131072,128,3,21572
700,1,131072,64,12,21705
701,4,32768,16,12,1680
702,2,262144,16,1,26692
703,1,16384,64,3,2723
704,1,65536,16,10,11271
705,1,262144,64,4,43457
706,4,16384,16,8,846
707,2,65536,16,6,6668
708,1,65536,128,16,10795
709,16,32768,16,4,484
710,4,32768,16,7,1681
711,2,4096,16,2,418
712,1,16384,16,17,2823
713,1,131072,128,15,21644
714,32,262144,16,3,3345
715,8,131072,16,7,3748
716,16,131072,16,2,2783
717,1,8192,64,9,1356
718,8,8192,16,16,218
719,8,8192,16,8,218
720,1,131072,128,12,21627
721,8,131072,16,0,3762
722,32,262144,16,4,3453
723,16,131072,16,5,2750
724,1,131072,16,19,22536
725,8,8192,16,11,219
726,1,16384,64,4,2720
727,1,65536,16,17,11271
728,1,262144,64,3,43428
729,2,65536,16,1,6659
730,16,32768,16,3,489
731,1,65536,128,11,10810
732,4,32768,16,0,1686
733,2,4096,16,5,421
734,1,16384,16,10,2823
735,1,8192,128,5,1359
736,1,8192,64,14,1355
737,32,65536,16,5,575
738,1,8192,64,0,1355
739,1,131072,16,17,22537
740,32,262144,16,15,3427
741,4,8192,16,4,422
742,8,8192,16,1,219
743,8,131072,16,15,3741
744,1,32768,64,5,5434
745,32,32768,16,13,257
746,1,65536,16,19,11269
747,4,16384,16,1,846
748,16,16384,16,2,245
749,1,65536,16,4,11266
750,4,262144,16,12,13467
751,1,32768,64,2,5432
752,32,32768,16,14,251
753,1,65536,128,18,10837
754,2,65536,16,8,6661
755,4,16384,16,6,847
756,4,32768,16,9,1682
757,1,65536,16,3,11267
758,16,16384,16,5,241
759,4,262144,16,15,13469
760,1,16384,16,19,2822
761,1,8192,64,13,1354
762,1,8192,128,2,1358
763,8,131072,16,9,3748
764,32,65536,16,2,560
765,1,8192,64,7,1362
766,1,131072,16,10,22540
767,8,8192,16,18,219
768,4,8192,16,3,424
769,32,262144,16,12,3318
770,8,8192,16,6,220
771,8,131072,16,12,3751
772,32,16384,16,1,132
773,32,16384,16,13,132
774,4,131072,16,11,6728
775,32,65536,16,14,546
776,1,262144,16,14,45063
777,1,4096,128,19,682
778,16,4096,16,1,69
779,1,4096,64,16,680
780,1,4096,128,7,684
781,1,262144,16,7,45053
782,4,131072,16,1,6739
783,8,262144,16,16,7554
784,16,65536,16,6,1212
785,1,16384,16,0,2823
786,2,32768,16,4,3335
787,32,131072,16,16,1704
788,4,65536,16,5,3363
789,1,262144,16,13,45093
790,16,4096,16,6,66
791,1,65536,64,9,10874
792,1,4096,128,0,684
793,1,4096,64,11,681
794,4,131072,16,6,6731
795,1,262144,16,0,45054
796,8,262144,16,11,7551
797,1,16384,16,7,2823
798,16,65536,16,1,1171
799,32,131072,16,11,1689
800,2,32768,16,3,3336
801,4,65536,16,2,3366
802,1,32768,16,8,5637
803,32,32768,16,9,251
804,32,16384,16,6,136
805,32,16384,16,14,129
806,4,131072,16,16,6729
807,1,32768,16,19,5636
808,32,65536,16,13,586
809,1,4096,128,10,683
810,1,65536,64,7,10858
811,16,4096,16,8,69
812,4,131072,16,8,6733
813,1,16384,128,14,2716
814,1,16384,16,9,2822
815,1,32768,16,6,5637
816,8,4096,16,14,112
817,2,16384,16,2,1674
818,32,32768,16,7,252
819,32,16384,16,8,133
820,32,4096,16,4,41
821,4,131072,16,18,6727
822,1,8192,16,3,1414
823,1,32768,16,17,5634
824,2,131072,16,2,13310
825,32,32768,16,0,257
826,32,4096,16,3,39
827,1,8192,16,4,1413
828,2,131072,16,5,13317
829,1,32768,16,10,5635
830,1,4096,128,17,682
831,1,65536,64,0,10874
832,1,4096,128,9,684
833,1,4096,64,18,681
834,1,262144,16,9,45070
835,8,262144,16,18,7557
836,32,131072,16,18,1714
837,16,65536,16,8,1203
838,1,16384,128,13,2715
839,1,32768,16,1,5635
840,2,16384,16,5,1674
841,8,4096,16,13,113
842,16,4096,16,10,68
843,4,4096,16,13,214
844,32,8192,16,1,65
845,1,4096,16,6,710
846,16,131072,16,13,2766
847,32,8192,16,11,68
848,2,32768,16,19,3333
849,1,8192,16,10,1414
850,1,8192,128,11,1361
851,16,16384,16,19,240
852,1,131072,128,2,21606
853,1,131072,64,13,21712
854,4,32768,16,13,1681
855,2,262144,16,0,26626
856,1,8192,16,17,1414
857,1,8192,128,16,1359
858,1,131072,64,14,21746
859,1,131072,128,5,21630
860,2,262144,16,7,26633
861,4,32768,16,14,1683
862,16,65536,16,19,1186
863,16,4096,16,17,70
864,2,131072,16,18,13304
865,4,4096,16,14,213
866,32,8192,16,6,69
867,1,4096,16,1,711
868,16,131072,16,14,2792
869,32,8192,16,16,66
870,1,8192,16,19,1416
871,8,16384,16,15,443
872,2,8192,16,12,831
873,1,8192,128,18,1359
874,16,16384,16,10,240
875,16,8192,16,4,122
876,1,32768,128,14,5418
877,2,262144,16,9,26666
878,8,65536,16,12,1823
879,16,65536,16,17,1173
880,16,4096,16,19,66
881,8,65536,16,2,1819
882,2,131072,16,16,13293
883,1,65536,128,5,10835
884,32,8192,16,8,66
885,1,65536,64,14,10869
886,4,262144,16,3,13473
887,1,131072,16,5,22533
888,2,32768,16,10,3334
889,1,16384,64,13,2719
890,32,8192,16,18,68
891,1,16384,128,2,2708
892,2,131072,16,11,13298
893,8,65536,16,5,1822
894,1,65536,64,13,10872
895,1,65536,128,2,10818
896,1,4096,16,8,711
897,2,32768,16,17,3334
898,1,131072,16,2,22544
899,4,262144,16,4,13468
900,1,16384,128,5,2708
901,1,16384,64,14,2721
902,8,16384,16,12,441
903,2,8192,16,15,836
904,16,8192,16,3,121
905,16,16384,16,17,241
906,1,32768,128,13,5407
907,8,65536,16,15,1828
908,16,65536,16,10,1194
909,16,262144,16,9,5498
910,32,131072,16,8,1704
911,2,65536,16,17,6663
912,2,262144,16,15,26615
913,4,8192,16,18,421
914,1,262144,128,16,43293
915,2,16384,16,10,1678
916,16,262144,16,19,5477
917,1,32768,128,2,5414
918,1,32768,64,13,5432
919,1,262144,128,8,43173
920,1,262144,64,19,43452
921,8,32768,16,15,872
922,8,16384,16,6,441
923,1,4096,64,5,680
924,2,4096,16,10,420
925,8,32768,16,9,870
926,16,32768,16,10,482
927,4,4096,16,1,213
928,8,4096,16,4,112
929,8,32768,16,12,868
930,1,131072,64,8,21758
931,2,4096,16,17,419
932,8,16384,16,1,441
933,1,4096,64,2,680
934,16,32768,16,17,474
935,4,4096,16,6,212
936,8,4096,16,3,113
937,2,262144,16,12,26633
938,2,65536,16,10,6655
939,1,262144,128,11,43181
940,2,8192,16,9,833
941,2,16384,16,17,1677
942,1,32768,64,14,5440
943,1,32768,128,5,5419
944,4,65536,16,14,3359
945,1,262144,128,1,43160
946,1,262144,64,10,43460
947,1,131072,64,6,21711
948,2,4096,16,19,422
949,16,32768,16,19,481
950,1,4096,16,12,711
951,8,32768,16,0,873
952,4,16384,16,13,848
953,4,4096,16,8,213
954,16,262144,16,0,5484
955,4,8192,16,11,422
956,32,131072,16,1,1669
957,8,262144,16,5,7563
958,16,8192,16,12,123
959,32,4096,16,13,38
960,2,8192,16,7,834
961,16,262144,16,10,5484
962,2,16384,16,19,1678
963,16,262144,16,7,5471
964,2,65536,16,19,6672
965,4,8192,16,16,422
966,8,262144,16,2,7549
967,32,131072,16,6,1682
968,16,8192,16,15,121
969,1,262144,128,18,43179
970,32,4096,16,14,40
971,2,8192,16,0,833
972,16,262144,16,17,5519
973,4,65536,16,13,3380
974,1,131072,64,1,21737
975,1,262144,64,17,43438
976,1,262144,128,6,43268
977,8,16384,16,8,440
978,1,4096,16,15,710
979,8,32768,16,7,873
980,4,16384,16,14,846
981,32,32768,16,1,254
982,32,4096,16,2,39
983,1,8192,16,5,1414
984,2,131072,16,4,13299
985,1,32768,16,11,5638
986,1,65536,64,1,10871
987,1,4096,128,16,683
988,1,4096,128,8,683
989,1,4096,64,19,681
990,1,262144,16,8,45086
991,8,262144,16,19,7546
992,16,65536,16,9,1196
993,1,16384,128,12,2707
994,32,131072,16,19,1721
995,2,16384,16,4,1677
996,8,4096,16,12,112
997,1,32768,16,0,5636
998,1,65536,64,6,10874
999,1,4096,128,11,683
1000,16,4096,16,9,70
1001,4,131072,16,9,6726
1002,1,16384,128,15,2712
1003,1,16384,16,8,2823
1004,8,4096,16,15,112
1005,2,16384,16,3,1675
1006,1,32768,16,7,5640
1007,32,32768,16,6,256
1008,32,16384,16,9,138
1009,32,4096,16,5,40
1010,4,131072,16,19,6727
1011,1,8192,16,2,1413
1012,1,32768,16,16,5640
1013,2,131072,16,3,13300
1014,1,262144,16,12,45054
1015,16,4096,16,7,69
1016,1,65536,64,8,10868
1017,1,4096,128,1,683
1018,1,4096,64,10,682
1019,4,131072,16,7,6735
1020,1,262144,16,1,45026
1021,8,262144,16,10,7545
1022,32,131072,16,10,1723
1023,2,32768,16,2,3335
1024,1,16384,16,6,2822
1025,16,65536,16,0,1209
1026,1,32768,16,9,5640
1027,4,65536,16,3,3362
1028,32,32768,16,8,256
1029,32,16384,16,7,132
1030,32,16384,16,15,130
1031,4,131072,16,17,6729
1032,32,65536,16,12,540
1033,1,32768,16,18,5634
1034,32,16384,16,0,132
1035,32,16384,16,12,132
1036,4,131072,16,10,6733
1037,32,65536,16,15,554
1038,1,262144,16,15,45077
1039,1,4096,128,18,683
1040,16,4096,16,0,69
1041,1,4096,64,17,681
1042,1,4096,128,6,682
1043,1,262144,16,6,45086
1044,4,131072,16,0,6736
1045,8,262144,16,17,7550
1046,2,32768,16,5,3339
1047,32,131072,16,17,1701
1048,16,65536,16,7,1177
1049,1,16384,16,1,2824
1050,4,65536,16,4,3361
1051,1,32768,64,3,5444
1052,32,32768,16,15,249
1053,2,65536,16,9,6660
1054,4,16384,16,7,847
1055,1,65536,128,19,10811
1056,1,65536,16,2,11270
1057,16,16384,16,4,243
1058,4,32768,16,8,1679
1059,1,16384,16,18,2823
1060,4,262144,16,14,13469
1061,1,8192,64,12,1355
1062,1,8192,128,3,1360
1063,8,131072,16,8,3751
1064,1,8192,64,6,1354
1065,32,65536,16,3,539
1066,1,131072,16,11,22545
1067,8,8192,16,19,219
1068,8,8192,16,7,219
1069,32,262144,16,13,3353
1070,4,8192,16,2,422
1071,8,131072,16,13,3739
1072,1,8192,128,4,1361
1073,1,8192,64,15,1353
1074,1,8192,64,1,1355
1075,32,65536,16,4,572
1076,1,131072,16,16,22530
1077,8,8192,16,0,221
1078,4,8192,16,5,421
1079,32,262144,16,14,3412
1080,8,131072,16,14,3752
1081,1,32768,64,4,5440
1082,1,65536,16,18,11270
1083,32,32768,16,12,251
1084,4,16384,16,0,846
1085,16,16384,16,3,242
1086,1,65536,16,5,11269
1087,4,262144,16,13,13469
1088,1,131072,128,13,21600
1089,8,131072,16,1,3762
1090,32,262144,16,5,3376
1091,16,131072,16,4,2762
1092,1,131072,16,18,22537
1093,8,8192,16,10,219
1094,1,16384,64,5,2721
1095,1,262144,64,2,43494
1096,1,65536,16,16,11273
1097,16,32768,16,2,475
1098,1,65536,128,10,10830
1099,2,65536,16,0,6659
1100,2,4096,16,4,420
1101,4,32768,16,1,1687
1102,1,16384,16,11,2821
1103,1,16384,64,2,2723
1104,1,262144,64,5,43412
1105,1,65536,16,11,11264
1106,1,65536,128,17,10808
1107,16,32768,16,5,473
1108,4,16384,16,9,848
1109,2,65536,16,7,6665
1110,2,4096,16,3,421
1111,4,32768,16,6,1682
1112,1,16384,16,16,2824
1113,1,131072,128,14,21579
1114,32,262144,16,2,3435
1115,8,131072,16,6,3746
1116,1,8192,64,8,1355
1117,16,131072,16,3,2772
1118,8,8192,16,17,219
1119,8,8192,16,9,219
