,type,threads,size,nproma,repetition,execution_time,total_time
0,cuda,1,32768,128,4,26,472
1,cuda,1,32768,64,15,26,472
2,cuda_hoist,1,32768,1,7,353,800
3,cuda_k_caching,1,16384,4,9,39,270
4,cuda_k_caching,1,131072,64,11,48,1789
5,cuda_k_caching,1,131072,128,0,48,1796
6,cuda_hoist,1,32768,16,3,36,483
7,cuda,1,4096,4,15,23,90
8,cuda_hoist,1,262144,128,16,144,3631
9,cuda_k_caching,1,32768,64,11,13,461
10,cuda_hoist,1,65536,16,18,66,944
11,cuda_hoist,1,131072,4,7,409,2150
12,cuda_k_caching,1,32768,128,0,13,461
13,cuda_hoist,1,65536,4,19,204,1079
14,cuda_hoist,1,262144,4,17,805,4285
15,cuda_hoist,1,65536,64,2,41,922
16,cuda,1,16384,1,9,214,444
17,cuda_k_caching,1,131072,4,16,317,2067
18,cuda,1,32768,128,10,26,473
19,cuda_k_caching,1,32768,4,10,77,524
20,cuda_k_caching,1,4096,1,8,36,103
21,cuda_k_caching,1,16384,64,4,7,237
22,cuda,1,4096,1,9,60,127
23,cuda_hoist,1,8192,64,9,8,129
24,cuda,1,131072,4,12,465,2210
25,cuda,1,32768,4,15,115,561
26,cuda,1,131072,64,9,77,1825
27,cuda,1,16384,64,1,16,247
28,cuda_hoist,1,8192,4,12,29,150
29,cuda,1,32768,128,17,26,472
30,cuda_k_caching,1,131072,4,11,317,2060
31,cuda_k_caching,1,32768,4,17,77,524
32,cuda_k_caching,1,16384,4,18,39,270
33,cuda_k_caching,1,16384,64,3,7,237
34,cuda_k_caching,1,4096,16,8,4,71
35,cuda,1,65536,16,8,67,943
36,cuda_hoist,1,131072,1,18,1499,3243
37,cuda_hoist,1,262144,4,9,806,4272
38,cuda,1,131072,4,15,466,2211
39,cuda,1,32768,4,12,115,565
40,cuda,1,32768,64,9,26,472
41,cuda,1,131072,64,19,76,1821
42,cuda,1,131072,128,8,76,1822
43,cuda,1,16384,64,6,16,247
44,cuda_hoist,1,8192,4,15,29,150
45,cuda,1,32768,64,12,26,473
46,cuda,1,32768,128,3,26,473
47,cuda_hoist,1,16384,16,18,18,248
48,cuda_hoist,1,32768,1,0,353,801
49,cuda_k_caching,1,131072,128,7,48,1791
50,cuda_k_caching,1,131072,64,16,48,1794
51,cuda_hoist,1,32768,16,4,36,484
52,cuda,1,4096,4,12,23,91
53,cuda_hoist,1,262144,128,11,144,3618
54,cuda_k_caching,1,32768,128,7,13,462
55,cuda_hoist,1,131072,4,0,407,2159
56,cuda_k_caching,1,32768,128,18,13,461
57,cuda_k_caching,1,32768,64,16,13,461
58,cuda_hoist,1,262144,4,10,803,4282
59,cuda,1,8192,64,18,14,135
60,cuda_hoist,1,65536,64,5,42,924
61,cuda,1,8192,128,9,14,135
62,cuda,1,4096,64,9,12,80
63,cuda_k_caching,1,32768,4,19,77,524
64,cuda,1,32768,128,19,26,473
65,cuda_k_caching,1,4096,1,1,36,103
66,cuda_k_caching,1,16384,4,16,39,270
67,cuda_hoist,1,4096,1,14,39,107
68,cuda_k_caching,1,4096,16,6,4,71
69,cuda_k_caching,1,32768,64,2,13,460
70,cuda,1,65536,16,6,67,944
71,cuda_hoist,1,131072,1,16,1491,3234
72,cuda_k_caching,1,131072,64,4,49,1796
73,cuda_hoist,1,262144,128,5,144,3619
74,cuda_hoist,1,262144,64,14,145,3625
75,cuda_hoist,1,8192,64,0,8,129
76,cuda,1,4096,1,0,65,132
77,cuda_hoist,1,262144,4,7,805,4278
78,cuda,1,16384,4,13,64,294
79,cuda_k_caching,1,65536,16,3,44,922
80,cuda,1,32768,64,7,26,472
81,cuda,1,131072,64,0,76,1824
82,cuda,1,131072,128,6,76,1823
83,cuda,1,16384,64,8,17,247
84,cuda_hoist,1,65536,1,4,735,1611
85,cuda,1,131072,64,17,77,1823
86,cuda_k_caching,1,16384,4,0,39,270
87,cuda_hoist,1,16384,16,16,18,248
88,cuda_hoist,1,8192,4,5,28,150
89,cuda_k_caching,1,131072,64,18,48,1795
90,cuda,1,8192,1,13,108,230
91,cuda_k_caching,1,131072,128,9,48,1793
92,cuda_hoist,1,16384,16,5,18,250
93,cuda_k_caching,1,8192,64,13,4,125
94,cuda_k_caching,1,8192,128,2,4,126
95,cuda_hoist,1,65536,16,11,66,942
96,cuda_k_caching,1,32768,64,18,13,461
97,cuda_hoist,1,65536,4,10,202,1083
98,cuda_k_caching,1,32768,128,9,13,461
99,cuda_k_caching,1,32768,128,16,13,461
100,cuda_hoist,1,262144,64,5,145,3616
101,cuda,1,8192,128,7,13,135
102,cuda,1,8192,64,16,13,135
103,cuda,1,16384,1,0,215,446
104,cuda,1,4096,64,7,12,79
105,cuda_hoist,1,4096,128,2,6,74
106,cuda_hoist,1,4096,64,13,6,74
107,cuda_k_caching,1,16384,4,7,39,271
108,cuda_hoist,1,16384,16,11,18,249
109,cuda_hoist,1,32768,1,9,351,797
110,cuda,1,8192,1,14,109,230
111,cuda_hoist,1,8192,4,2,29,150
112,cuda_hoist,1,16384,16,2,18,249
113,cuda_k_caching,1,8192,128,5,4,126
114,cuda_k_caching,1,8192,64,14,4,125
115,cuda_hoist,1,262144,128,18,144,3619
116,cuda_hoist,1,131072,4,9,405,2153
117,cuda_k_caching,1,32768,128,11,13,462
118,cuda_hoist,1,65536,4,17,202,1083
119,cuda_hoist,1,65536,16,16,66,944
120,cuda_hoist,1,262144,64,2,145,3610
121,cuda,1,8192,64,11,14,139
122,cuda,1,8192,128,0,13,135
123,cuda_hoist,1,262144,4,19,803,4280
124,cuda,1,16384,1,7,216,447
125,cuda_hoist,1,4096,64,14,6,73
126,cuda_hoist,1,4096,128,5,6,74
127,cuda,1,4096,64,0,12,80
128,cuda_k_caching,1,131072,4,18,316,2063
129,cuda_hoist,1,4096,1,13,39,106
130,cuda_k_caching,1,16384,4,11,39,270
131,cuda_k_caching,1,4096,1,6,36,103
132,cuda_k_caching,1,4096,16,1,4,71
133,cuda_hoist,1,131072,1,11,1493,3242
134,cuda,1,65536,16,1,67,949
135,cuda_k_caching,1,32768,64,5,13,461
136,cuda_hoist,1,262144,64,13,144,3620
137,cuda_hoist,1,262144,128,2,144,3609
138,cuda_k_caching,1,131072,64,3,49,1788
139,cuda_hoist,1,262144,4,0,805,4286
140,cuda_hoist,1,8192,64,7,8,129
141,cuda,1,4096,1,7,60,127
142,cuda,1,16384,4,14,64,294
143,cuda,1,32768,64,0,26,473
144,cuda_k_caching,1,65536,16,4,44,919
145,cuda,1,131072,64,7,77,1818
146,cuda,1,131072,64,10,76,1827
147,cuda_hoist,1,65536,1,3,732,1609
148,cuda,1,131072,128,1,77,1828
149,cuda_k_caching,1,8192,1,18,71,192
150,cuda_hoist,1,32768,16,16,36,484
151,cuda_k_caching,1,4096,128,0,3,71
152,cuda_k_caching,1,4096,64,11,3,71
153,cuda,1,16384,16,2,24,254
154,cuda_k_caching,1,65536,64,9,26,907
155,cuda_hoist,1,131072,1,5,1498,3250
156,cuda_k_caching,1,65536,4,12,156,1032
157,cuda_hoist,1,8192,64,11,8,129
158,cuda_k_caching,1,16384,128,9,7,238
159,cuda_hoist,1,8192,128,0,7,129
160,cuda_k_caching,1,16384,64,18,7,237
161,cuda_k_caching,1,32768,16,8,23,472
162,cuda_hoist,1,32768,4,5,102,548
163,cuda,1,4096,64,14,12,80
164,cuda_k_caching,1,16384,16,7,12,242
165,cuda,1,4096,128,5,12,80
166,cuda_k_caching,1,4096,4,17,10,78
167,cuda,1,131072,4,9,463,2207
168,cuda,1,65536,4,17,230,1109
169,cuda_hoist,1,131072,128,6,75,1824
170,cuda_hoist,1,131072,64,17,76,1820
171,cuda_hoist,1,65536,16,1,66,941
172,cuda_k_caching,1,8192,128,13,4,125
173,cuda_hoist,1,4096,128,11,6,74
174,cuda_hoist,1,32768,64,0,21,468
175,cuda,1,262144,128,5,139,3617
176,cuda,1,262144,64,14,141,3627
177,cuda_k_caching,1,131072,128,11,48,1798
178,cuda_hoist,1,16384,4,14,53,282
179,cuda_hoist,1,32768,128,19,21,468
180,cuda,1,8192,128,17,13,135
181,cuda_hoist,1,131072,64,10,76,1824
182,cuda_hoist,1,131072,128,1,75,1824
183,cuda_hoist,1,65536,16,6,66,942
184,cuda_k_caching,1,8192,128,14,4,125
185,cuda_hoist,1,262144,16,8,253,3731
186,cuda_hoist,1,65536,4,8,202,1079
187,cuda,1,262144,64,13,141,3621
188,cuda,1,262144,128,2,139,3621
189,cuda_hoist,1,4096,128,16,6,74
190,cuda_hoist,1,32768,64,7,21,468
191,cuda_hoist,1,16384,64,8,10,240
192,cuda_hoist,1,16384,4,13,53,284
193,cuda_k_caching,1,131072,128,16,48,1791
194,cuda,1,8192,128,10,13,135
195,cuda,1,16384,16,5,24,255
196,cuda_k_caching,1,4096,64,16,3,71
197,cuda_k_caching,1,65536,128,9,26,906
198,cuda_k_caching,1,4096,128,7,3,71
199,cuda_k_caching,1,65536,64,18,26,906
200,cuda_hoist,1,32768,16,11,36,482
201,cuda_hoist,1,131072,1,2,1490,3233
202,cuda_k_caching,1,65536,4,15,155,1033
203,cuda_hoist,1,8192,128,7,7,129
204,cuda_hoist,1,8192,64,16,7,129
205,cuda_k_caching,1,131072,16,9,86,1829
206,cuda_hoist,1,32768,4,2,103,549
207,cuda,1,4096,128,2,12,80
208,cuda_k_caching,1,16384,16,0,12,242
209,cuda,1,4096,64,13,12,79
210,cuda_k_caching,1,4096,4,10,10,78
211,cuda_hoist,1,8192,1,9,79,201
212,cuda,1,65536,4,10,228,1104
213,cuda_hoist,1,262144,1,5,3016,6486
214,cuda,1,4096,16,4,13,80
215,cuda,1,4096,4,2,23,90
216,cuda_hoist,1,65536,16,8,66,942
217,cuda_hoist,1,262144,16,6,255,3728
218,cuda_hoist,1,65536,4,6,202,1078
219,cuda_hoist,1,32768,64,9,21,468
220,cuda_hoist,1,4096,128,18,6,73
221,cuda_hoist,1,16384,64,6,10,240
222,cuda_k_caching,1,4096,4,3,10,78
223,cuda_k_caching,1,131072,128,18,48,1798
224,cuda_hoist,1,32768,4,12,101,550
225,cuda_hoist,1,32768,128,10,21,468
226,cuda_k_caching,1,65536,64,16,26,907
227,cuda_k_caching,1,4096,128,9,3,70
228,cuda_k_caching,1,65536,128,7,26,907
229,cuda_k_caching,1,4096,64,18,3,70
230,cuda_k_caching,1,8192,1,11,71,192
231,cuda,1,131072,16,3,122,1861
232,cuda_k_caching,1,262144,64,12,94,3566
233,cuda_k_caching,1,262144,128,3,93,3559
234,cuda,1,32768,16,4,40,486
235,cuda,1,16384,64,15,16,246
236,cuda,1,16384,128,4,16,247
237,cuda_k_caching,1,65536,64,0,26,906
238,cuda_k_caching,1,131072,4,5,317,2066
239,cuda,1,16384,4,2,64,299
240,cuda_hoist,1,8192,16,3,9,130
241,cuda_k_caching,1,131072,16,7,86,1832
242,cuda_k_caching,1,16384,128,0,7,237
243,cuda_hoist,1,8192,64,18,7,129
244,cuda,1,65536,64,5,45,925
245,cuda_k_caching,1,32768,16,1,23,471
246,cuda_k_caching,1,16384,64,11,7,237
247,cuda_hoist,1,8192,128,9,7,129
248,cuda,1,65536,128,3,45,926
249,cuda_k_caching,1,4096,64,5,3,71
250,cuda,1,65536,64,12,45,922
251,cuda_k_caching,1,16384,1,2,143,374
252,cuda_hoist,1,8192,1,7,78,200
253,cuda,1,131072,128,12,76,1817
254,cuda,1,131072,4,0,462,2205
255,cuda_k_caching,1,65536,128,0,26,905
256,cuda_hoist,1,32768,16,18,36,484
257,cuda_k_caching,1,65536,64,11,26,904
258,cuda_k_caching,1,8192,1,16,71,192
259,cuda_k_caching,1,262144,128,4,93,3568
260,cuda_k_caching,1,262144,64,15,94,3556
261,cuda,1,131072,16,4,122,1867
262,cuda,1,16384,128,3,16,247
263,cuda_k_caching,1,65536,64,7,26,906
264,cuda,1,16384,64,12,16,247
265,cuda,1,32768,16,3,40,486
266,cuda_k_caching,1,131072,4,2,318,2063
267,cuda,1,16384,4,5,64,294
268,cuda_hoist,1,8192,16,4,9,130
269,cuda_k_caching,1,131072,16,0,86,1833
270,cuda_k_caching,1,16384,64,16,7,237
271,cuda_k_caching,1,32768,16,6,23,471
272,cuda,1,65536,64,2,45,925
273,cuda_k_caching,1,16384,128,7,7,237
274,cuda,1,65536,64,15,45,924
275,cuda_k_caching,1,4096,64,2,3,71
276,cuda_k_caching,1,16384,16,9,12,243
277,cuda,1,65536,128,4,45,924
278,cuda_k_caching,1,16384,1,5,143,374
279,cuda_k_caching,1,4096,4,19,10,78
280,cuda_hoist,1,8192,1,0,78,200
281,cuda,1,131072,128,15,76,1820
282,cuda,1,131072,4,7,467,2210
283,cuda,1,65536,4,19,229,1105
284,cuda,1,4096,16,3,13,80
285,cuda,1,4096,4,5,23,90
286,cuda_hoist,1,262144,1,2,3014,6487
287,cuda_hoist,1,131072,64,19,76,1821
288,cuda_hoist,1,131072,128,8,75,1816
289,cuda_hoist,1,262144,16,1,255,3731
290,cuda_hoist,1,65536,4,1,203,1080
291,cuda_hoist,1,16384,64,1,10,240
292,cuda_k_caching,1,4096,4,4,10,77
293,cuda,1,8192,128,19,13,135
294,cuda_hoist,1,32768,128,17,21,469
295,cuda_hoist,1,32768,4,15,102,548
296,cuda_hoist,1,32768,64,14,21,468
297,cuda_k_caching,1,4096,16,13,4,71
298,cuda_hoist,1,32768,128,5,21,469
299,cuda_k_caching,1,262144,64,9,94,3559
300,cuda_k_caching,1,262144,16,19,174,3632
301,cuda,1,4096,1,19,60,127
302,cuda_k_caching,1,65536,4,9,155,1030
303,cuda_hoist,1,65536,1,15,735,1611
304,cuda_hoist,1,8192,16,13,9,130
305,cuda,1,8192,4,16,38,160
306,cuda,1,4096,16,16,13,80
307,cuda,1,65536,16,19,67,950
308,cuda_k_caching,1,16384,128,10,7,237
309,cuda_hoist,1,131072,16,15,126,1870
310,cuda,1,32768,1,3,434,880
311,cuda,1,16384,1,16,215,445
312,cuda,1,32768,1,19,433,879
313,cuda_k_caching,1,32768,4,3,77,524
314,cuda,1,262144,16,16,244,3708
315,cuda_hoist,1,131072,4,13,408,2152
316,cuda_hoist,1,131072,64,8,76,1816
317,cuda_k_caching,1,16384,1,13,143,374
318,cuda_hoist,1,4096,4,11,14,82
319,cuda_hoist,1,131072,16,12,126,1874
320,cuda_hoist,1,8192,1,19,78,199
321,cuda,1,16384,128,18,16,246
322,cuda,1,16384,1,11,216,447
323,cuda,1,32768,1,4,433,881
324,cuda,1,8192,1,9,109,230
325,cuda,1,262144,16,11,243,3705
326,cuda_k_caching,1,32768,4,4,77,524
327,cuda_hoist,1,131072,4,14,409,2153
328,cuda_k_caching,1,8192,1,8,70,192
329,cuda_hoist,1,4096,4,16,14,82
330,cuda_k_caching,1,16384,1,14,143,374
331,cuda_hoist,1,32768,128,2,21,468
332,cuda_k_caching,1,4096,16,14,4,71
333,cuda_hoist,1,32768,64,13,21,469
334,cuda,1,16384,16,19,24,255
335,cuda_hoist,1,65536,1,12,732,1608
336,cuda,1,8192,4,11,38,160
337,cuda_hoist,1,8192,16,14,9,130
338,cuda,1,4096,16,11,13,80
339,cuda_k_caching,1,16384,128,17,7,237
340,cuda_hoist,1,8192,1,17,79,200
341,cuda_k_caching,1,8192,16,5,6,127
342,cuda,1,8192,1,7,109,231
343,cuda,1,16384,128,16,16,247
344,cuda,1,32768,1,10,437,882
345,cuda_hoist,1,16384,1,4,167,398
346,cuda_hoist,1,4096,64,3,6,73
347,cuda_hoist,1,131072,64,1,76,1826
348,cuda_k_caching,1,32768,1,15,292,740
349,cuda_hoist,1,4096,4,18,14,82
350,cuda_hoist,1,131072,128,13,75,1820
351,cuda_k_caching,1,8192,1,6,71,192
352,cuda_k_caching,1,262144,64,0,95,3575
353,cuda_k_caching,1,65536,16,14,44,920
354,cuda_hoist,1,262144,1,12,3009,6483
355,cuda,1,16384,16,17,24,256
356,cuda_k_caching,1,262144,16,10,174,3644
357,cuda_k_caching,1,65536,4,0,155,1033
358,cuda,1,4096,1,10,60,127
359,cuda_hoist,1,4096,4,2,14,82
360,cuda_k_caching,1,16384,16,13,12,242
361,cuda,1,262144,64,4,141,3619
362,cuda,1,65536,16,10,67,946
363,cuda_k_caching,1,16384,128,19,7,237
364,cuda,1,8192,64,4,14,135
365,cuda_hoist,1,65536,128,14,41,923
366,cuda_k_caching,1,262144,64,7,95,3573
367,cuda_k_caching,1,65536,16,13,44,920
368,cuda_hoist,1,262144,1,15,3015,6485
369,cuda,1,16384,16,10,24,254
370,cuda_k_caching,1,262144,16,17,174,3637
371,cuda_k_caching,1,65536,4,7,155,1032
372,cuda,1,4096,1,17,60,127
373,cuda_k_caching,1,16384,16,14,12,243
374,cuda,1,8192,4,18,38,160
375,cuda_hoist,1,4096,4,5,14,82
376,cuda,1,262144,64,3,142,3606
377,cuda,1,65536,16,17,67,947
378,cuda,1,4096,16,18,13,80
379,cuda,1,8192,64,3,13,135
380,cuda_hoist,1,65536,128,13,41,922
381,cuda_hoist,1,8192,1,10,79,200
382,cuda,1,8192,1,0,108,229
383,cuda_k_caching,1,8192,16,2,6,127
384,cuda,1,16384,1,18,215,445
385,cuda,1,16384,128,11,16,246
386,cuda,1,32768,1,17,432,881
387,cuda,1,262144,16,18,241,3712
388,cuda_hoist,1,16384,1,3,167,399
389,cuda_hoist,1,4096,64,4,6,73
390,cuda_k_caching,1,32768,1,12,293,741
391,cuda_hoist,1,131072,64,6,75,1821
392,cuda_k_caching,1,8192,1,1,71,192
393,cuda_hoist,1,131072,128,14,75,1817
394,cuda,1,32768,16,17,40,487
395,cuda_hoist,1,4096,1,9,39,106
396,cuda,1,65536,128,14,45,924
397,cuda_k_caching,1,131072,16,13,86,1841
398,cuda_k_caching,1,8192,16,18,6,127
399,cuda_hoist,1,4096,16,9,7,74
400,cuda_k_caching,1,32768,16,13,23,475
401,cuda_k_caching,1,8192,4,14,21,142
402,cuda_hoist,1,4096,16,18,7,74
403,cuda_hoist,1,16384,1,18,165,396
404,cuda_k_caching,1,32768,1,1,292,738
405,cuda_hoist,1,32768,1,17,350,797
406,cuda_k_caching,1,4096,128,14,3,71
407,cuda,1,4096,128,10,12,80
408,cuda_hoist,1,16384,128,16,10,241
409,cuda,1,262144,128,17,140,3619
410,cuda,1,32768,4,1,115,561
411,cuda_hoist,1,8192,128,16,7,129
412,cuda,1,8192,16,9,15,137
413,cuda_k_caching,1,32768,1,6,293,739
414,cuda_hoist,1,16384,4,8,52,284
415,cuda_hoist,1,32768,1,10,356,803
416,cuda_k_caching,1,4096,128,13,3,71
417,cuda,1,262144,16,9,242,3714
418,cuda_hoist,1,262144,16,18,254,3715
419,cuda,1,4096,128,17,12,80
420,cuda_hoist,1,16384,128,11,10,241
421,cuda,1,262144,128,10,139,3611
422,cuda,1,32768,4,6,115,563
423,cuda_hoist,1,8192,128,11,7,129
424,cuda,1,32768,16,10,40,487
425,cuda,1,65536,128,13,45,925
426,cuda_k_caching,1,131072,16,14,86,1836
427,cuda_k_caching,1,32768,16,14,23,471
428,cuda_k_caching,1,8192,64,8,4,126
429,cuda_k_caching,1,8192,4,13,21,142
430,cuda_hoist,1,16384,4,6,52,282
431,cuda_hoist,1,16384,1,11,167,398
432,cuda_k_caching,1,32768,1,8,293,740
433,cuda,1,8192,16,7,15,137
434,cuda,1,262144,16,7,242,3711
435,cuda_hoist,1,262144,16,16,255,3724
436,cuda_k_caching,1,8192,4,4,21,142
437,cuda,1,4096,128,19,12,80
438,cuda_k_caching,1,65536,128,12,26,906
439,cuda,1,8192,4,5,39,160
440,cuda,1,32768,4,8,115,563
441,cuda,1,131072,16,15,122,1865
442,cuda_k_caching,1,262144,16,3,175,3645
443,cuda_k_caching,1,4096,1,12,36,103
444,cuda_hoist,1,4096,1,0,39,106
445,cuda,1,65536,4,2,228,1107
446,cuda_hoist,1,16384,128,5,10,241
447,cuda_hoist,1,16384,64,14,10,241
448,cuda_hoist,1,131072,16,2,126,1872
449,cuda_hoist,1,4096,16,0,7,74
450,cuda_k_caching,1,8192,16,11,6,126
451,cuda_hoist,1,65536,64,13,41,921
452,cuda_k_caching,1,8192,64,6,4,126
453,cuda_k_caching,1,262144,128,14,92,3576
454,cuda_hoist,1,65536,128,2,41,921
455,cuda,1,8192,16,14,15,137
456,cuda_hoist,1,4096,16,11,7,74
457,cuda_hoist,1,4096,1,7,39,106
458,cuda_k_caching,1,4096,1,15,36,103
459,cuda,1,32768,16,19,40,486
460,cuda,1,65536,4,5,229,1109
461,cuda_hoist,1,16384,64,13,10,241
462,cuda_hoist,1,16384,128,2,10,241
463,cuda_hoist,1,131072,16,5,126,1875
464,cuda_hoist,1,4096,16,7,7,74
465,cuda_k_caching,1,8192,16,16,6,127
466,cuda_hoist,1,65536,128,5,41,922
467,cuda_k_caching,1,262144,128,13,92,3569
468,cuda_k_caching,1,8192,64,1,4,126
469,cuda_hoist,1,65536,64,14,41,922
470,cuda,1,8192,16,13,15,137
471,cuda_hoist,1,4096,16,16,7,74
472,cuda_hoist,1,16384,1,16,168,398
473,cuda_hoist,1,16384,4,1,53,283
474,cuda,1,8192,16,0,15,137
475,cuda_hoist,1,32768,1,19,355,802
476,cuda,1,262144,16,0,244,3722
477,cuda_hoist,1,262144,16,11,254,3727
478,cuda_k_caching,1,8192,4,3,21,142
479,cuda,1,262144,128,19,139,3611
480,cuda_hoist,1,16384,128,18,10,241
481,cuda_k_caching,1,65536,128,15,26,905
482,cuda,1,8192,4,2,38,159
483,cuda,1,131072,16,12,122,1870
484,cuda_k_caching,1,262144,16,4,175,3639
485,cuda_hoist,1,8192,128,18,7,129
486,cuda_k_caching,1,8192,1,17,71,192
487,cuda_k_caching,1,65536,128,1,26,908
488,cuda_k_caching,1,65536,64,10,26,907
489,cuda_hoist,1,32768,16,19,36,483
490,cuda_k_caching,1,65536,64,6,26,905
491,cuda,1,16384,128,2,16,247
492,cuda,1,16384,64,13,17,248
493,cuda,1,32768,16,2,40,486
494,cuda_k_caching,1,262144,128,5,92,3561
495,cuda_k_caching,1,262144,64,14,95,3574
496,cuda,1,131072,16,5,121,1866
497,cuda_k_caching,1,131072,4,3,317,2063
498,cuda_hoist,1,8192,16,5,9,130
499,cuda,1,16384,4,4,64,294
500,cuda_k_caching,1,32768,16,7,23,472
501,cuda_k_caching,1,16384,64,17,7,237
502,cuda_k_caching,1,16384,128,6,7,237
503,cuda,1,65536,64,3,45,925
504,cuda_k_caching,1,131072,16,1,86,1831
505,cuda_k_caching,1,16384,1,4,143,373
506,cuda_k_caching,1,4096,64,3,3,71
507,cuda,1,65536,64,14,45,926
508,cuda,1,65536,128,5,44,924
509,cuda_k_caching,1,16384,16,8,12,243
510,cuda,1,131072,128,14,76,1825
511,cuda_k_caching,1,4096,4,18,10,77
512,cuda_hoist,1,8192,1,1,79,200
513,cuda,1,65536,4,18,229,1106
514,cuda,1,131072,4,6,466,2210
515,cuda_hoist,1,131072,64,18,76,1824
516,cuda_hoist,1,131072,128,9,75,1823
517,cuda_hoist,1,262144,1,3,3008,6482
518,cuda,1,4096,4,4,23,90
519,cuda,1,4096,16,2,14,81
520,cuda_hoist,1,262144,16,0,254,3739
521,cuda_hoist,1,65536,4,0,203,1082
522,cuda_k_caching,1,4096,4,5,10,78
523,cuda_hoist,1,16384,64,0,10,241
524,cuda_hoist,1,32768,4,14,101,548
525,cuda_hoist,1,32768,128,16,21,468
526,cuda,1,8192,128,18,13,135
527,cuda,1,4096,4,3,23,90
528,cuda,1,4096,16,5,13,80
529,cuda_hoist,1,262144,1,4,3014,6499
530,cuda_hoist,1,65536,16,9,66,946
531,cuda_hoist,1,262144,16,7,254,3717
532,cuda_hoist,1,65536,4,7,203,1083
533,cuda_hoist,1,4096,128,19,6,74
534,cuda_hoist,1,32768,64,8,21,468
535,cuda_k_caching,1,4096,4,2,10,78
536,cuda_hoist,1,16384,64,7,10,241
537,cuda_k_caching,1,131072,128,19,48,1796
538,cuda_hoist,1,32768,128,11,21,469
539,cuda_hoist,1,32768,4,13,102,549
540,cuda_k_caching,1,8192,1,10,71,192
541,cuda_k_caching,1,4096,128,8,3,71
542,cuda_k_caching,1,65536,64,17,26,905
543,cuda_k_caching,1,4096,64,19,3,71
544,cuda_k_caching,1,65536,128,6,26,906
545,cuda,1,32768,16,5,39,485
546,cuda,1,16384,64,14,16,247
547,cuda_k_caching,1,65536,64,1,26,908
548,cuda,1,16384,128,5,16,246
549,cuda,1,131072,16,2,122,1869
550,cuda_k_caching,1,262144,64,13,94,3576
551,cuda_k_caching,1,262144,128,2,93,3563
552,cuda_k_caching,1,131072,4,4,316,2064
553,cuda_hoist,1,8192,16,2,9,130
554,cuda,1,16384,4,3,64,295
555,cuda,1,65536,64,4,45,929
556,cuda_k_caching,1,16384,128,1,7,237
557,cuda_hoist,1,8192,64,19,8,129
558,cuda_k_caching,1,16384,64,10,6,237
559,cuda_hoist,1,8192,128,8,7,129
560,cuda_k_caching,1,32768,16,0,23,471
561,cuda_k_caching,1,131072,16,6,86,1831
562,cuda_k_caching,1,16384,1,3,143,374
563,cuda,1,65536,128,2,44,925
564,cuda,1,65536,64,13,45,925
565,cuda_k_caching,1,4096,64,4,3,71
566,cuda,1,131072,128,13,76,1823
567,cuda_hoist,1,8192,1,6,79,200
568,cuda,1,131072,4,1,464,2205
569,cuda_hoist,1,131072,64,11,76,1816
570,cuda_hoist,1,131072,128,0,75,1826
571,cuda_hoist,1,65536,16,7,66,941
572,cuda_hoist,1,262144,16,9,254,3730
573,cuda_k_caching,1,8192,128,15,4,125
574,cuda_hoist,1,65536,4,9,202,1078
575,cuda,1,262144,64,12,141,3609
576,cuda_hoist,1,32768,64,6,21,469
577,cuda_hoist,1,4096,128,17,6,73
578,cuda,1,262144,128,3,140,3615
579,cuda_hoist,1,16384,64,9,10,240
580,cuda_k_caching,1,131072,128,17,48,1797
581,cuda_hoist,1,16384,4,12,53,283
582,cuda,1,8192,128,11,13,135
583,cuda_k_caching,1,65536,128,8,26,906
584,cuda_k_caching,1,4096,64,17,3,71
585,cuda,1,16384,16,4,24,254
586,cuda_hoist,1,32768,16,10,36,484
587,cuda_k_caching,1,65536,64,19,26,905
588,cuda_k_caching,1,4096,128,6,3,71
589,cuda_hoist,1,131072,1,3,1496,3240
590,cuda_k_caching,1,65536,4,14,155,1032
591,cuda_k_caching,1,131072,16,8,86,1828
592,cuda_hoist,1,8192,128,6,7,129
593,cuda_hoist,1,8192,64,17,8,129
594,cuda,1,4096,128,3,12,80
595,cuda,1,4096,64,12,12,79
596,cuda_k_caching,1,16384,16,1,12,242
597,cuda_hoist,1,32768,4,3,102,550
598,cuda_k_caching,1,4096,4,11,10,77
599,cuda_hoist,1,8192,1,8,79,200
600,cuda,1,65536,4,11,227,1105
601,cuda_k_caching,1,4096,128,1,3,71
602,cuda_hoist,1,32768,16,17,36,484
603,cuda,1,16384,16,3,24,254
604,cuda_k_caching,1,4096,64,10,3,70
605,cuda_k_caching,1,8192,1,19,71,192
606,cuda_hoist,1,131072,1,4,1493,3238
607,cuda_k_caching,1,65536,64,8,26,907
608,cuda_k_caching,1,65536,4,13,156,1031
609,cuda_hoist,1,8192,64,10,8,129
610,cuda_k_caching,1,16384,128,8,7,238
611,cuda_k_caching,1,32768,16,9,23,471
612,cuda_hoist,1,8192,128,1,7,129
613,cuda_k_caching,1,16384,64,19,7,237
614,cuda_k_caching,1,16384,16,6,12,242
615,cuda,1,4096,64,15,12,80
616,cuda,1,4096,128,4,12,80
617,cuda_hoist,1,32768,4,4,101,549
618,cuda_k_caching,1,4096,4,16,10,77
619,cuda,1,65536,4,16,229,1109
620,cuda,1,131072,4,8,462,2205
621,cuda_hoist,1,131072,128,7,75,1819
622,cuda_hoist,1,131072,64,16,76,1822
623,cuda_hoist,1,65536,16,0,66,944
624,cuda_k_caching,1,8192,128,12,4,126
625,cuda,1,262144,128,4,140,3611
626,cuda_hoist,1,32768,64,1,21,468
627,cuda_hoist,1,4096,128,10,6,73
628,cuda,1,262144,64,15,142,3611
629,cuda_hoist,1,16384,4,15,53,283
630,cuda_k_caching,1,131072,128,10,48,1795
631,cuda,1,8192,128,16,13,135
632,cuda_hoist,1,32768,128,18,21,468
633,cuda_hoist,1,16384,16,10,18,249
634,cuda_k_caching,1,16384,4,6,39,270
635,cuda_hoist,1,32768,1,8,355,802
636,cuda_hoist,1,16384,16,3,18,248
637,cuda_hoist,1,8192,4,3,29,150
638,cuda,1,8192,1,15,108,230
639,cuda_k_caching,1,8192,128,4,4,125
640,cuda_k_caching,1,8192,64,15,4,126
641,cuda_hoist,1,262144,128,19,143,3611
642,cuda_hoist,1,262144,64,3,145,3618
643,cuda_hoist,1,65536,4,16,203,1080
644,cuda_hoist,1,131072,4,8,407,2150
645,cuda_k_caching,1,32768,128,10,13,461
646,cuda_hoist,1,65536,16,17,66,943
647,cuda_hoist,1,262144,4,18,804,4282
648,cuda,1,8192,64,10,13,135
649,cuda,1,8192,128,1,13,135
650,cuda_hoist,1,4096,64,15,6,73
651,cuda_hoist,1,4096,128,4,6,74
652,cuda,1,4096,64,1,12,80
653,cuda,1,16384,1,6,215,446
654,cuda_k_caching,1,131072,4,19,316,2058
655,cuda_k_caching,1,4096,1,7,36,103
656,cuda_k_caching,1,16384,4,10,39,270
657,cuda_hoist,1,4096,1,12,39,106
658,cuda_k_caching,1,4096,16,0,4,71
659,cuda_hoist,1,262144,64,12,145,3626
660,cuda_k_caching,1,131072,64,2,49,1794
661,cuda_hoist,1,262144,128,3,143,3616
662,cuda_hoist,1,131072,1,10,1498,3248
663,cuda,1,65536,16,0,67,944
664,cuda_k_caching,1,32768,64,4,13,461
665,cuda,1,16384,4,15,64,294
666,cuda,1,4096,1,6,60,127
667,cuda_hoist,1,8192,64,6,7,129
668,cuda_hoist,1,262144,4,1,808,4281
669,cuda,1,131072,64,6,77,1818
670,cuda,1,32768,64,1,26,473
671,cuda_k_caching,1,65536,16,5,44,919
672,cuda,1,131072,64,11,77,1825
673,cuda,1,131072,128,0,76,1823
674,cuda_hoist,1,65536,1,2,730,1607
675,cuda,1,32768,128,18,26,474
676,cuda_k_caching,1,32768,4,18,77,525
677,cuda_hoist,1,4096,1,15,39,106
678,cuda_k_caching,1,16384,4,17,39,270
679,cuda_k_caching,1,4096,1,0,40,107
680,cuda_k_caching,1,4096,16,7,4,71
681,cuda_hoist,1,262144,128,4,144,3617
682,cuda_k_caching,1,131072,64,5,48,1793
683,cuda_hoist,1,262144,64,15,144,3618
684,cuda_k_caching,1,32768,64,3,13,462
685,cuda,1,65536,16,7,67,943
686,cuda_hoist,1,131072,1,17,1495,3238
687,cuda,1,16384,4,12,64,295
688,cuda_hoist,1,262144,4,6,805,4285
689,cuda,1,4096,1,1,64,131
690,cuda_hoist,1,8192,64,1,8,129
691,cuda,1,131072,64,1,76,1820
692,cuda_k_caching,1,65536,16,2,44,921
693,cuda,1,32768,64,6,26,472
694,cuda_hoist,1,65536,1,5,738,1614
695,cuda,1,16384,64,9,16,247
696,cuda,1,131072,128,7,76,1821
697,cuda,1,131072,64,16,77,1825
698,cuda_hoist,1,16384,16,17,18,248
699,cuda_k_caching,1,16384,4,1,39,270
700,cuda_hoist,1,16384,16,4,18,249
701,cuda,1,8192,1,12,109,230
702,cuda_k_caching,1,131072,64,19,49,1799
703,cuda_hoist,1,8192,4,4,29,150
704,cuda_k_caching,1,131072,128,8,48,1792
705,cuda_k_caching,1,8192,64,12,4,125
706,cuda_k_caching,1,8192,128,3,4,125
707,cuda_hoist,1,262144,64,4,145,3617
708,cuda_k_caching,1,32768,64,19,13,460
709,cuda_hoist,1,65536,16,10,66,943
710,cuda_k_caching,1,32768,128,17,13,460
711,cuda_k_caching,1,32768,128,8,13,462
712,cuda_hoist,1,65536,4,11,203,1077
713,cuda,1,8192,128,6,13,135
714,cuda,1,8192,64,17,13,135
715,cuda,1,4096,64,6,12,79
716,cuda_hoist,1,4096,128,3,6,74
717,cuda_hoist,1,4096,64,12,6,73
718,cuda,1,16384,1,1,217,449
719,cuda_k_caching,1,32768,4,16,77,526
720,cuda_k_caching,1,131072,4,10,317,2062
721,cuda,1,32768,128,16,28,475
722,cuda_k_caching,1,16384,4,19,39,270
723,cuda_k_caching,1,16384,64,2,6,237
724,cuda_k_caching,1,4096,16,9,4,71
725,cuda,1,65536,16,9,67,944
726,cuda_hoist,1,131072,1,19,1496,3241
727,cuda_hoist,1,262144,4,8,807,4280
728,cuda,1,32768,4,13,115,564
729,cuda,1,131072,4,14,465,2205
730,cuda,1,32768,64,8,26,473
731,cuda_hoist,1,8192,4,14,28,150
732,cuda,1,131072,64,18,76,1822
733,cuda,1,16384,64,7,16,246
734,cuda,1,131072,128,9,76,1817
735,cuda,1,32768,64,13,26,474
736,cuda,1,32768,128,2,26,472
737,cuda_hoist,1,16384,16,19,18,249
738,cuda_hoist,1,32768,1,1,354,801
739,cuda_k_caching,1,131072,128,6,48,1791
740,cuda_k_caching,1,131072,64,17,49,1797
741,cuda_hoist,1,32768,16,5,36,484
742,cuda_hoist,1,262144,128,10,144,3620
743,cuda,1,4096,4,13,23,90
744,cuda_hoist,1,131072,4,1,409,2155
745,cuda_k_caching,1,32768,128,19,13,460
746,cuda_k_caching,1,32768,128,6,13,461
747,cuda_k_caching,1,32768,64,17,13,460
748,cuda_hoist,1,65536,64,4,41,923
749,cuda,1,8192,64,19,14,135
750,cuda,1,8192,128,8,14,136
751,cuda_hoist,1,262144,4,11,804,4274
752,cuda,1,4096,64,8,12,80
753,cuda,1,32768,128,5,26,472
754,cuda,1,32768,64,14,26,472
755,cuda_hoist,1,32768,1,6,353,799
756,cuda_k_caching,1,16384,4,8,39,270
757,cuda_k_caching,1,131072,64,10,48,1793
758,cuda_k_caching,1,131072,128,1,48,1795
759,cuda_hoist,1,32768,16,2,36,484
760,cuda_hoist,1,262144,128,17,144,3613
761,cuda,1,4096,4,14,23,90
762,cuda_hoist,1,65536,16,19,66,941
763,cuda_k_caching,1,32768,64,10,13,460
764,cuda_hoist,1,65536,4,18,203,1078
765,cuda_k_caching,1,32768,128,1,13,461
766,cuda_hoist,1,131072,4,6,408,2154
767,cuda_hoist,1,65536,64,3,41,922
768,cuda_hoist,1,262144,4,16,804,4286
769,cuda,1,16384,1,8,215,445
770,cuda_k_caching,1,32768,4,11,77,523
771,cuda,1,32768,128,11,26,473
772,cuda_k_caching,1,131072,4,17,317,2059
773,cuda_k_caching,1,4096,1,9,36,103
774,cuda_k_caching,1,16384,64,5,7,236
775,cuda_hoist,1,8192,64,8,8,129
776,cuda,1,4096,1,8,60,128
777,cuda,1,32768,4,14,116,562
778,cuda,1,131072,4,13,461,2209
779,cuda,1,131072,64,8,76,1822
780,cuda_hoist,1,8192,4,13,29,150
781,cuda,1,16384,64,0,16,247
782,cuda,1,32768,16,18,40,487
783,cuda,1,65536,4,4,228,1106
784,cuda_hoist,1,4096,1,6,39,106
785,cuda_k_caching,1,4096,1,14,36,103
786,cuda_hoist,1,131072,16,4,126,1872
787,cuda_hoist,1,16384,64,12,10,241
788,cuda_hoist,1,16384,128,3,10,241
789,cuda_k_caching,1,8192,16,17,6,127
790,cuda_hoist,1,4096,16,6,7,74
791,cuda_k_caching,1,262144,128,12,93,3568
792,cuda_hoist,1,65536,128,4,41,923
793,cuda_hoist,1,65536,64,15,41,924
794,cuda_k_caching,1,8192,64,0,4,126
795,cuda,1,8192,16,12,16,137
796,cuda_hoist,1,4096,16,17,7,74
797,cuda,1,8192,16,1,15,137
798,cuda_hoist,1,16384,4,0,53,283
799,cuda_hoist,1,16384,1,17,169,399
800,cuda_hoist,1,32768,1,18,352,799
801,cuda,1,262144,16,1,243,3714
802,cuda_k_caching,1,8192,4,2,21,142
803,cuda_hoist,1,262144,16,10,254,3728
804,cuda_hoist,1,16384,128,19,10,241
805,cuda_k_caching,1,65536,128,14,26,905
806,cuda,1,262144,128,18,140,3616
807,cuda,1,8192,4,3,38,160
808,cuda_hoist,1,8192,128,19,7,129
809,cuda_k_caching,1,262144,16,5,175,3641
810,cuda,1,131072,16,13,122,1873
811,cuda,1,8192,16,6,15,137
812,cuda_hoist,1,16384,1,10,167,398
813,cuda_hoist,1,16384,4,7,52,283
814,cuda_k_caching,1,32768,1,9,292,739
815,cuda,1,262144,16,6,243,3711
816,cuda_k_caching,1,8192,4,5,21,142
817,cuda_hoist,1,262144,16,17,255,3722
818,cuda,1,4096,128,18,13,80
819,cuda_k_caching,1,65536,128,13,26,905
820,cuda,1,32768,4,9,118,565
821,cuda,1,8192,4,4,38,160
822,cuda_k_caching,1,262144,16,2,175,3654
823,cuda,1,131072,16,14,122,1871
824,cuda,1,65536,4,3,229,1107
825,cuda_k_caching,1,4096,1,13,36,103
826,cuda_hoist,1,4096,1,1,39,107
827,cuda_hoist,1,131072,16,3,126,1875
828,cuda_hoist,1,16384,128,4,10,241
829,cuda_hoist,1,16384,64,15,10,240
830,cuda_k_caching,1,8192,16,10,6,127
831,cuda_hoist,1,4096,16,1,7,74
832,cuda_k_caching,1,8192,64,7,4,126
833,cuda_hoist,1,65536,64,12,41,922
834,cuda_hoist,1,65536,128,3,41,922
835,cuda_k_caching,1,262144,128,15,92,3574
836,cuda,1,8192,16,15,15,137
837,cuda_hoist,1,4096,16,10,7,74
838,cuda_k_caching,1,32768,1,7,292,740
839,cuda_hoist,1,16384,4,9,53,284
840,cuda,1,8192,16,8,15,137
841,cuda_k_caching,1,4096,128,12,3,71
842,cuda_hoist,1,32768,1,11,355,802
843,cuda,1,262144,16,8,244,3712
844,cuda_hoist,1,262144,16,19,255,3724
845,cuda,1,4096,128,16,12,80
846,cuda,1,262144,128,11,140,3615
847,cuda_hoist,1,16384,128,10,10,241
848,cuda,1,32768,4,7,115,563
849,cuda_hoist,1,8192,128,10,7,129
850,cuda,1,65536,128,12,45,924
851,cuda,1,32768,16,11,40,485
852,cuda_k_caching,1,131072,16,15,86,1836
853,cuda_k_caching,1,8192,64,9,4,126
854,cuda_k_caching,1,32768,16,15,23,471
855,cuda_k_caching,1,8192,4,12,21,142
856,cuda_hoist,1,4096,1,8,39,106
857,cuda,1,65536,128,15,44,929
858,cuda,1,32768,16,16,40,491
859,cuda_k_caching,1,131072,16,12,86,1832
860,cuda_hoist,1,4096,16,8,7,74
861,cuda_k_caching,1,8192,16,19,6,127
862,cuda_k_caching,1,32768,16,12,23,471
863,cuda_k_caching,1,8192,4,15,21,142
864,cuda_hoist,1,4096,16,19,7,74
865,cuda_hoist,1,16384,1,19,167,398
866,cuda_k_caching,1,32768,1,0,292,739
867,cuda_k_caching,1,4096,128,15,3,71
868,cuda_hoist,1,32768,1,16,355,802
869,cuda,1,4096,128,11,12,80
870,cuda,1,262144,128,16,139,3611
871,cuda_hoist,1,16384,128,17,10,241
872,cuda,1,32768,4,0,115,562
873,cuda_hoist,1,8192,128,17,7,129
874,cuda_hoist,1,262144,1,14,3019,6491
875,cuda_k_caching,1,65536,16,12,44,921
876,cuda_k_caching,1,262144,64,6,94,3566
877,cuda_k_caching,1,262144,16,16,175,3639
878,cuda,1,16384,16,11,23,254
879,cuda,1,4096,1,16,60,127
880,cuda_k_caching,1,65536,4,6,156,1032
881,cuda,1,8192,4,19,38,160
882,cuda_k_caching,1,16384,16,15,12,242
883,cuda_hoist,1,4096,4,4,14,82
884,cuda,1,65536,16,16,67,944
885,cuda,1,4096,16,19,14,81
886,cuda,1,262144,64,2,140,3601
887,cuda_hoist,1,65536,128,12,41,922
888,cuda,1,8192,64,2,14,135
889,cuda_hoist,1,8192,1,11,78,200
890,cuda,1,16384,128,10,16,247
891,cuda,1,16384,1,19,215,446
892,cuda_k_caching,1,8192,16,3,6,127
893,cuda,1,8192,1,1,108,230
894,cuda,1,32768,1,16,433,879
895,cuda_hoist,1,4096,64,5,6,73
896,cuda,1,262144,16,19,243,3710
897,cuda_hoist,1,16384,1,2,167,398
898,cuda_k_caching,1,32768,1,13,293,741
899,cuda_hoist,1,131072,64,7,76,1816
900,cuda_hoist,1,131072,128,15,75,1825
901,cuda_k_caching,1,8192,1,0,71,192
902,cuda_hoist,1,8192,1,16,78,200
903,cuda,1,16384,128,17,17,247
904,cuda,1,8192,1,6,108,230
905,cuda_k_caching,1,8192,16,4,6,127
906,cuda,1,32768,1,11,437,882
907,cuda_hoist,1,4096,64,2,6,73
908,cuda_hoist,1,16384,1,5,167,398
909,cuda_hoist,1,131072,64,0,76,1823
910,cuda_k_caching,1,32768,1,14,293,740
911,cuda_hoist,1,4096,4,19,14,82
912,cuda_k_caching,1,8192,1,7,71,192
913,cuda_hoist,1,131072,128,12,76,1816
914,cuda_hoist,1,262144,1,13,3013,6494
915,cuda_k_caching,1,65536,16,15,44,920
916,cuda_k_caching,1,262144,64,1,95,3563
917,cuda_k_caching,1,262144,16,11,174,3638
918,cuda,1,16384,16,16,24,254
919,cuda,1,4096,1,11,60,127
920,cuda_k_caching,1,65536,4,1,155,1031
921,cuda_hoist,1,4096,4,3,14,82
922,cuda_k_caching,1,16384,16,12,12,242
923,cuda,1,65536,16,11,67,945
924,cuda,1,262144,64,5,140,3611
925,cuda_k_caching,1,16384,128,18,7,237
926,cuda_hoist,1,65536,128,15,41,923
927,cuda,1,8192,64,5,14,135
928,cuda_hoist,1,131072,16,13,126,1868
929,cuda_hoist,1,8192,1,18,78,200
930,cuda,1,8192,1,8,109,231
931,cuda,1,16384,1,10,216,446
932,cuda,1,16384,128,19,17,247
933,cuda,1,32768,1,5,433,878
934,cuda,1,262144,16,10,242,3708
935,cuda_k_caching,1,32768,4,5,77,526
936,cuda_hoist,1,131072,4,15,407,2154
937,cuda_k_caching,1,8192,1,9,71,192
938,cuda_k_caching,1,16384,1,15,143,374
939,cuda_hoist,1,4096,4,17,14,82
940,cuda_k_caching,1,4096,16,15,4,71
941,cuda_hoist,1,32768,128,3,21,468
942,cuda_hoist,1,32768,64,12,21,468
943,cuda,1,16384,16,18,24,254
944,cuda_hoist,1,65536,1,13,733,1608
945,cuda,1,8192,4,10,38,160
946,cuda_hoist,1,8192,16,15,9,130
947,cuda,1,4096,16,10,13,80
948,cuda_k_caching,1,16384,128,16,7,237
949,cuda_k_caching,1,262144,64,8,95,3562
950,cuda_hoist,1,32768,64,15,21,468
951,cuda_hoist,1,32768,128,4,21,468
952,cuda_k_caching,1,4096,16,12,4,71
953,cuda_k_caching,1,262144,16,18,174,3638
954,cuda_k_caching,1,65536,4,8,155,1031
955,cuda,1,4096,1,18,60,128
956,cuda_hoist,1,65536,1,14,735,1613
957,cuda_hoist,1,8192,16,12,9,130
958,cuda,1,8192,4,17,38,160
959,cuda,1,4096,16,17,14,81
960,cuda,1,65536,16,18,67,944
961,cuda_k_caching,1,16384,128,11,7,237
962,cuda_hoist,1,131072,16,14,126,1870
963,cuda,1,32768,1,2,435,882
964,cuda,1,16384,1,17,216,446
965,cuda,1,32768,1,18,434,882
966,cuda_k_caching,1,32768,4,2,76,525
967,cuda,1,262144,16,17,242,3706
968,cuda_hoist,1,131072,4,12,407,2151
969,cuda_hoist,1,131072,64,9,75,1824
970,cuda_hoist,1,4096,4,10,14,82
971,cuda_k_caching,1,16384,1,12,143,374
972,cuda_hoist,1,16384,1,13,168,398
973,cuda_hoist,1,16384,4,4,53,283
974,cuda,1,8192,16,5,15,137
975,cuda_hoist,1,262144,16,14,255,3725
976,cuda_k_caching,1,8192,4,6,21,142
977,cuda,1,262144,16,5,243,3707
978,cuda_k_caching,1,65536,128,10,26,906
979,cuda,1,131072,16,17,123,1874
980,cuda_k_caching,1,262144,16,1,175,3649
981,cuda,1,8192,4,7,39,161
982,cuda_hoist,1,16384,64,16,10,241
983,cuda_hoist,1,16384,128,7,10,241
984,cuda_hoist,1,131072,16,0,126,1869
985,cuda_hoist,1,4096,1,2,39,107
986,cuda_k_caching,1,4096,1,10,36,103
987,cuda,1,65536,4,0,228,1101
988,cuda_hoist,1,4096,16,2,7,74
989,cuda_k_caching,1,8192,16,13,6,127
990,cuda_k_caching,1,131072,16,18,86,1831
991,cuda_hoist,1,65536,128,0,41,921
992,cuda_k_caching,1,262144,128,16,93,3570
993,cuda_k_caching,1,8192,64,4,4,125
994,cuda_k_caching,1,32768,16,18,23,472
995,cuda_hoist,1,65536,64,11,41,920
996,cuda_hoist,1,4096,16,13,7,74
997,cuda,1,8192,16,16,15,137
998,cuda_hoist,1,16384,128,0,10,241
999,cuda_hoist,1,16384,64,11,10,241
1000,cuda_hoist,1,131072,16,7,126,1870
1001,cuda_k_caching,1,4096,1,17,36,103
1002,cuda_hoist,1,4096,1,5,39,106
1003,cuda,1,65536,128,18,45,928
1004,cuda,1,65536,4,7,228,1106
1005,cuda_hoist,1,4096,16,5,7,74
1006,cuda_k_caching,1,8192,16,14,6,127
1007,cuda_hoist,1,65536,64,16,41,922
1008,cuda_k_caching,1,8192,64,3,4,125
1009,cuda_k_caching,1,262144,128,11,93,3566
1010,cuda_hoist,1,65536,128,7,41,921
1011,cuda_hoist,1,4096,16,14,7,74
1012,cuda_k_caching,1,8192,4,18,21,142
1013,cuda,1,8192,16,11,15,137
1014,cuda_k_caching,1,4096,128,18,3,71
1015,cuda_hoist,1,16384,4,3,53,283
1016,cuda_hoist,1,16384,1,14,166,397
1017,cuda,1,8192,16,2,15,137
1018,cuda_hoist,1,262144,16,13,254,3732
1019,cuda_k_caching,1,8192,4,1,21,142
1020,cuda,1,262144,16,2,243,3718
1021,cuda_k_caching,1,65536,128,17,26,907
1022,cuda,1,131072,16,10,122,1867
1023,cuda_k_caching,1,262144,16,6,174,3638
1024,cuda,1,8192,4,0,38,160
1025,cuda_hoist,1,131072,16,9,126,1865
1026,cuda,1,32768,16,15,40,486
1027,cuda,1,65536,4,9,228,1104
1028,cuda,1,65536,128,16,45,931
1029,cuda_k_caching,1,4096,1,19,36,103
1030,cuda_k_caching,1,131072,16,11,86,1830
1031,cuda_hoist,1,65536,128,9,41,923
1032,cuda_hoist,1,65536,64,18,41,921
1033,cuda_k_caching,1,32768,16,11,23,472
1034,cuda_k_caching,1,8192,4,16,21,143
1035,cuda_hoist,1,32768,1,15,355,802
1036,cuda_k_caching,1,4096,128,16,3,70
1037,cuda_k_caching,1,32768,1,3,293,739
1038,cuda_hoist,1,16384,128,14,10,240
1039,cuda_k_caching,1,65536,128,19,26,905
1040,cuda,1,262144,128,15,139,3599
1041,cuda,1,4096,128,12,13,81
1042,cuda_hoist,1,8192,128,14,7,129
1043,cuda_k_caching,1,262144,16,8,174,3639
1044,cuda,1,32768,4,3,114,562
1045,cuda_hoist,1,32768,1,12,358,804
1046,cuda_k_caching,1,4096,128,11,3,71
1047,cuda_k_caching,1,32768,1,4,294,741
1048,cuda_k_caching,1,8192,4,8,21,142
1049,cuda_hoist,1,16384,128,13,10,242
1050,cuda,1,262144,128,12,139,3613
1051,cuda,1,4096,128,15,12,80
1052,cuda_hoist,1,8192,128,13,8,129
1053,cuda,1,131072,16,19,122,1867
1054,cuda,1,32768,4,4,115,563
1055,cuda,1,8192,4,9,38,160
1056,cuda_hoist,1,16384,128,9,10,240
1057,cuda_hoist,1,16384,64,18,10,241
1058,cuda,1,32768,16,12,40,486
1059,cuda,1,65536,128,11,45,925
1060,cuda_k_caching,1,131072,16,16,86,1838
1061,cuda_k_caching,1,32768,16,16,24,471
1062,cuda_k_caching,1,262144,128,18,93,3557
1063,cuda_k_caching,1,8192,4,11,21,142
1064,cuda,1,8192,16,18,15,137
1065,cuda_hoist,1,8192,1,15,79,200
1066,cuda,1,32768,1,12,436,883
1067,cuda,1,8192,1,5,109,231
1068,cuda_k_caching,1,8192,16,7,5,127
1069,cuda,1,16384,128,14,16,246
1070,cuda,1,32768,1,8,434,880
1071,cuda_hoist,1,131072,4,18,407,2152
1072,cuda_k_caching,1,32768,4,8,77,523
1073,cuda_hoist,1,16384,1,6,165,395
1074,cuda_hoist,1,4096,64,1,6,73
1075,cuda_k_caching,1,8192,1,4,71,192
1076,cuda_hoist,1,131072,128,11,75,1824
1077,cuda_k_caching,1,16384,1,18,144,374
1078,cuda_k_caching,1,32768,1,17,292,740
1079,cuda_hoist,1,131072,64,3,76,1817
1080,cuda,1,16384,16,15,24,255
1081,cuda_k_caching,1,262144,16,12,174,3645
1082,cuda_k_caching,1,262144,64,2,95,3562
1083,cuda_k_caching,1,4096,16,18,4,71
1084,cuda_k_caching,1,65536,16,16,44,921
1085,cuda_hoist,1,262144,1,10,3018,6502
1086,cuda_k_caching,1,65536,4,2,155,1033
1087,cuda,1,4096,1,12,60,128
1088,cuda,1,262144,64,6,141,3618
1089,cuda,1,65536,16,12,67,948
1090,cuda_k_caching,1,16384,16,11,12,242
1091,cuda_hoist,1,4096,4,0,14,82
1092,cuda_hoist,1,8192,16,18,9,130
1093,cuda,1,8192,64,6,14,135
1094,cuda_hoist,1,65536,128,16,41,921
1095,cuda,1,16384,16,12,23,253
1096,cuda_k_caching,1,262144,16,15,174,3641
1097,cuda_k_caching,1,262144,64,5,94,3560
1098,cuda_k_caching,1,65536,16,11,44,919
1099,cuda_hoist,1,262144,1,17,3016,6494
1100,cuda_hoist,1,32768,64,18,21,468
1101,cuda_hoist,1,32768,128,9,21,469
1102,cuda_hoist,1,65536,1,19,735,1610
1103,cuda_k_caching,1,65536,4,5,155,1031
1104,cuda,1,4096,1,15,60,127
1105,cuda,1,262144,64,1,141,3623
1106,cuda,1,65536,16,15,68,946
1107,cuda_hoist,1,4096,4,7,14,82
1108,cuda_k_caching,1,16384,16,16,12,242
1109,cuda,1,8192,64,1,14,135
1110,cuda_hoist,1,65536,128,11,41,921
1111,cuda_hoist,1,8192,1,12,79,200
1112,cuda_hoist,1,131072,16,19,126,1875
1113,cuda,1,32768,1,15,438,885
1114,cuda_k_caching,1,8192,16,0,6,127
1115,cuda,1,8192,1,2,108,230
1116,cuda,1,16384,128,13,16,247
1117,cuda_hoist,1,16384,1,1,166,397
1118,cuda_hoist,1,4096,64,6,6,73
1119,cuda_hoist,1,131072,128,16,75,1823
1120,cuda_k_caching,1,8192,1,3,70,191
1121,cuda_hoist,1,131072,64,4,76,1822
1122,cuda_k_caching,1,32768,1,10,293,741
1123,cuda_hoist,1,32768,128,7,21,468
1124,cuda_k_caching,1,4096,16,11,4,71
1125,cuda_hoist,1,262144,1,19,3012,6486
1126,cuda_hoist,1,32768,64,16,21,473
1127,cuda_hoist,1,65536,1,17,738,1617
1128,cuda,1,4096,16,14,13,80
1129,cuda,1,8192,4,14,38,160
1130,cuda_k_caching,1,16384,16,18,12,243
1131,cuda_hoist,1,8192,16,11,9,130
1132,cuda_hoist,1,4096,4,9,14,81
1133,cuda_k_caching,1,16384,128,12,6,238
1134,cuda_hoist,1,131072,16,17,126,1875
1135,cuda,1,16384,1,14,215,445
1136,cuda,1,32768,1,1,434,881
1137,cuda_hoist,1,131072,4,11,409,2153
1138,cuda_hoist,1,4096,64,8,6,73
1139,cuda,1,262144,16,14,242,3710
1140,cuda_k_caching,1,32768,4,1,77,524
1141,cuda_hoist,1,131072,128,18,75,1817
1142,cuda_hoist,1,4096,4,13,14,82
1143,cuda_k_caching,1,16384,1,11,143,374
1144,cuda_hoist,1,131072,16,10,126,1869
1145,cuda,1,32768,1,6,435,882
1146,cuda,1,16384,1,13,215,446
1147,cuda_k_caching,1,8192,16,9,6,127
1148,cuda_hoist,1,131072,4,16,407,2151
1149,cuda_hoist,1,16384,1,8,167,398
1150,cuda_k_caching,1,32768,4,6,77,524
1151,cuda,1,262144,16,13,244,3706
1152,cuda_k_caching,1,16384,1,16,143,374
1153,cuda_hoist,1,4096,4,14,14,82
1154,cuda_k_caching,1,32768,1,19,292,739
1155,cuda_hoist,1,32768,64,11,21,469
1156,cuda_k_caching,1,65536,16,18,44,920
1157,cuda_k_caching,1,4096,16,16,4,71
1158,cuda_hoist,1,32768,128,0,21,468
1159,cuda_hoist,1,65536,1,10,736,1614
1160,cuda,1,4096,16,13,13,80
1161,cuda,1,262144,64,8,142,3613
1162,cuda_hoist,1,8192,16,16,9,130
1163,cuda,1,8192,4,13,38,160
1164,cuda_k_caching,1,16384,128,15,7,237
1165,cuda_hoist,1,65536,128,18,41,920
1166,cuda,1,8192,64,8,13,135
1167,cuda,1,4096,16,6,13,80
1168,cuda,1,4096,4,0,23,90
1169,cuda_hoist,1,262144,1,7,3009,6484
1170,cuda_hoist,1,65536,4,4,202,1079
1171,cuda_hoist,1,262144,16,4,254,3738
1172,cuda_k_caching,1,8192,128,18,4,125
1173,cuda_hoist,1,16384,64,4,10,241
1174,cuda_k_caching,1,4096,4,1,10,78
1175,cuda_hoist,1,32768,128,12,21,468
1176,cuda_hoist,1,32768,4,10,101,548
1177,cuda_k_caching,1,262144,128,1,92,3563
1178,cuda_k_caching,1,262144,64,10,94,3576
1179,cuda,1,131072,16,1,122,1870
1180,cuda,1,16384,128,6,16,247
1181,cuda_k_caching,1,65536,64,2,26,906
1182,cuda,1,16384,64,17,16,247
1183,cuda,1,32768,16,6,40,487
1184,cuda_k_caching,1,65536,128,5,26,907
1185,cuda,1,16384,16,9,24,254
1186,cuda_k_caching,1,65536,64,14,26,911
1187,cuda_k_caching,1,8192,1,13,70,192
1188,cuda,1,16384,4,0,64,294
1189,cuda_hoist,1,8192,16,1,9,130
1190,cuda_k_caching,1,131072,4,7,317,2066
1191,cuda_k_caching,1,65536,4,19,156,1034
1192,cuda,1,65536,64,10,45,926
1193,cuda_k_caching,1,4096,64,7,3,71
1194,cuda,1,65536,128,1,45,924
1195,cuda_k_caching,1,16384,1,0,143,373
1196,cuda_k_caching,1,131072,16,5,86,1836
1197,cuda_k_caching,1,16384,64,13,6,236
1198,cuda_k_caching,1,32768,16,3,24,471
1199,cuda,1,65536,64,7,45,925
1200,cuda_k_caching,1,16384,128,2,7,237
1201,cuda,1,131072,4,2,465,2217
1202,cuda_hoist,1,8192,1,5,79,200
1203,cuda,1,131072,128,10,76,1822
1204,cuda,1,131072,16,6,122,1866
1205,cuda_k_caching,1,262144,64,17,95,3563
1206,cuda_hoist,1,131072,1,9,1495,3242
1207,cuda_k_caching,1,262144,128,6,92,3566
1208,cuda,1,32768,16,1,40,487
1209,cuda,1,16384,64,10,16,246
1210,cuda,1,16384,128,1,16,247
1211,cuda_k_caching,1,65536,64,5,26,908
1212,cuda_k_caching,1,65536,64,13,26,907
1213,cuda_k_caching,1,65536,128,2,26,907
1214,cuda_k_caching,1,8192,1,14,71,192
1215,cuda,1,16384,4,7,64,294
1216,cuda_hoist,1,8192,16,6,9,130
1217,cuda_k_caching,1,131072,4,0,316,2063
1218,cuda,1,65536,128,6,45,927
1219,cuda,1,4096,64,18,12,79
1220,cuda_k_caching,1,4096,64,0,3,70
1221,cuda,1,4096,128,9,12,80
1222,cuda,1,65536,64,17,45,927
1223,cuda_hoist,1,32768,4,9,101,549
1224,cuda_k_caching,1,16384,1,7,143,374
1225,cuda_k_caching,1,131072,16,2,86,1830
1226,cuda_k_caching,1,16384,128,5,7,237
1227,cuda,1,65536,64,0,45,923
1228,cuda_k_caching,1,32768,16,4,24,471
1229,cuda_k_caching,1,16384,64,14,7,237
1230,cuda,1,131072,4,5,465,2212
1231,cuda_hoist,1,8192,1,2,78,200
1232,cuda,1,131072,128,17,76,1817
1233,cuda_hoist,1,262144,1,0,3010,6483
1234,cuda,1,4096,16,1,13,80
1235,cuda,1,4096,4,7,23,91
1236,cuda_hoist,1,65536,4,3,203,1082
1237,cuda_hoist,1,262144,16,3,255,3731
1238,cuda_hoist,1,16384,64,3,10,242
1239,cuda_k_caching,1,4096,4,6,10,77
1240,cuda,1,262144,128,9,140,3615
1241,cuda,1,262144,64,18,140,3618
1242,cuda_hoist,1,32768,4,17,101,550
1243,cuda_hoist,1,32768,128,15,21,469
1244,cuda_hoist,1,16384,4,18,53,284
1245,cuda_hoist,1,131072,1,7,1488,3235
1246,cuda_k_caching,1,262144,128,8,93,3562
1247,cuda,1,131072,16,8,123,1863
1248,cuda_k_caching,1,262144,64,19,94,3563
1249,cuda,1,16384,16,0,23,254
1250,cuda_k_caching,1,4096,64,13,3,70
1251,cuda_k_caching,1,4096,128,2,3,71
1252,cuda_hoist,1,32768,16,14,36,482
1253,cuda_hoist,1,8192,16,8,9,130
1254,cuda,1,16384,4,9,64,294
1255,cuda_k_caching,1,65536,4,10,155,1030
1256,cuda_k_caching,1,16384,1,9,143,374
1257,cuda_hoist,1,32768,4,7,101,549
1258,cuda,1,4096,128,7,12,80
1259,cuda,1,65536,64,19,45,926
1260,cuda,1,65536,128,8,44,924
1261,cuda_k_caching,1,16384,16,5,12,242
1262,cuda,1,4096,64,16,12,80
1263,cuda_hoist,1,8192,128,2,7,129
1264,cuda_hoist,1,8192,64,13,8,129
1265,cuda,1,65536,4,15,229,1109
1266,cuda,1,131072,128,19,76,1824
1267,cuda_k_caching,1,4096,4,15,10,77
1268,cuda_hoist,1,65536,16,3,66,943
1269,cuda_hoist,1,131072,64,15,76,1818
1270,cuda_hoist,1,131072,128,4,75,1826
1271,cuda,1,4096,4,9,23,90
1272,cuda_k_caching,1,8192,128,11,4,125
1273,cuda_k_caching,1,4096,4,8,10,78
1274,cuda,1,262144,64,16,141,3622
1275,cuda,1,262144,128,7,139,3614
1276,cuda_hoist,1,4096,128,13,6,74
1277,cuda_hoist,1,32768,64,2,21,468
1278,cuda_hoist,1,32768,4,19,101,547
1279,cuda,1,8192,128,15,13,135
1280,cuda_hoist,1,16384,4,16,52,283
1281,cuda_k_caching,1,131072,128,13,48,1796
1282,cuda_hoist,1,65536,16,4,66,943
1283,cuda_hoist,1,131072,128,3,75,1818
1284,cuda_hoist,1,131072,64,12,76,1827
1285,cuda,1,4096,16,8,13,80
1286,cuda_hoist,1,262144,1,9,3015,6494
1287,cuda_k_caching,1,8192,128,16,4,125
1288,cuda_hoist,1,4096,128,14,6,74
1289,cuda_hoist,1,32768,64,5,21,468
1290,cuda,1,262144,128,0,139,3613
1291,cuda,1,262144,64,11,141,3611
1292,cuda,1,8192,128,12,13,135
1293,cuda_k_caching,1,131072,128,14,48,1795
1294,cuda_hoist,1,16384,4,11,53,284
1295,cuda,1,16384,64,19,16,247
1296,cuda,1,32768,16,8,42,489
1297,cuda,1,16384,128,8,17,247
1298,cuda_hoist,1,131072,1,0,1493,3237
1299,cuda_hoist,1,32768,16,13,36,483
1300,cuda_k_caching,1,4096,128,5,3,70
1301,cuda_k_caching,1,4096,64,14,3,71
1302,cuda,1,16384,16,7,24,254
1303,cuda_k_caching,1,131072,4,9,317,2063
1304,cuda_k_caching,1,65536,4,17,156,1034
1305,cuda_hoist,1,32768,4,0,102,550
1306,cuda,1,4096,64,11,12,80
1307,cuda_k_caching,1,16384,16,2,11,242
1308,cuda,1,4096,128,0,12,80
1309,cuda_k_caching,1,4096,64,9,3,71
1310,cuda,1,65536,64,9,45,928
1311,cuda_hoist,1,8192,64,14,8,129
1312,cuda_hoist,1,8192,128,5,7,129
1313,cuda,1,65536,4,12,228,1103
1314,cuda_k_caching,1,4096,4,12,10,78
1315,cuda_hoist,1,4096,1,16,39,106
1316,cuda_k_caching,1,16384,4,14,39,270
1317,cuda_k_caching,1,4096,1,3,36,103
1318,cuda_hoist,1,131072,1,14,1491,3235
1319,cuda,1,65536,16,4,67,944
1320,cuda_k_caching,1,32768,64,0,13,461
1321,cuda_hoist,1,262144,64,16,145,3617
1322,cuda_hoist,1,262144,128,7,144,3620
1323,cuda_k_caching,1,131072,64,6,48,1790
1324,cuda_k_caching,1,4096,16,4,4,71
1325,cuda,1,131072,4,19,465,2212
1326,cuda_hoist,1,262144,4,5,805,4276
1327,cuda_hoist,1,8192,64,2,8,129
1328,cuda,1,4096,1,2,60,127
1329,cuda,1,16384,4,11,63,293
1330,cuda_hoist,1,8192,4,19,29,151
1331,cuda,1,131072,64,15,76,1820
1332,cuda_hoist,1,65536,1,6,738,1616
1333,cuda,1,131072,128,4,76,1824
1334,cuda,1,32768,64,5,26,473
1335,cuda_k_caching,1,65536,16,1,44,920
1336,cuda,1,131072,64,2,76,1820
1337,cuda_k_caching,1,16384,4,2,39,270
1338,cuda_hoist,1,16384,16,14,18,248
1339,cuda_k_caching,1,8192,128,0,4,125
1340,cuda_hoist,1,32768,16,8,36,483
1341,cuda_k_caching,1,8192,64,11,4,126
1342,cuda,1,8192,1,11,108,230
1343,cuda_hoist,1,8192,4,7,28,150
1344,cuda_hoist,1,16384,16,7,18,249
1345,cuda_k_caching,1,32768,128,14,13,462
1346,cuda_hoist,1,65536,4,12,202,1077
1347,cuda_hoist,1,65536,16,13,66,943
1348,cuda_hoist,1,262144,64,7,145,3621
1349,cuda,1,16384,1,2,215,446
1350,cuda_hoist,1,4096,64,11,6,73
1351,cuda_hoist,1,4096,128,0,6,74
1352,cuda,1,4096,64,5,12,79
1353,cuda_hoist,1,65536,64,9,41,922
1354,cuda,1,8192,64,14,14,135
1355,cuda,1,8192,128,5,13,135
1356,cuda_k_caching,1,16384,4,5,39,270
1357,cuda_hoist,1,16384,16,13,18,248
1358,cuda,1,32768,128,8,26,473
1359,cuda,1,32768,64,19,26,471
1360,cuda_k_caching,1,8192,64,16,4,126
1361,cuda_k_caching,1,8192,128,7,4,125
1362,cuda_hoist,1,8192,4,0,29,150
1363,cuda,1,8192,1,16,108,230
1364,cuda_hoist,1,16384,16,0,18,249
1365,cuda_hoist,1,65536,16,14,66,944
1366,cuda_hoist,1,65536,4,15,203,1082
1367,cuda_k_caching,1,32768,128,13,13,461
1368,cuda_hoist,1,262144,64,0,145,3624
1369,cuda,1,4096,4,19,23,90
1370,cuda,1,16384,1,5,217,447
1371,cuda,1,4096,64,2,12,79
1372,cuda_hoist,1,4096,128,7,6,74
1373,cuda_hoist,1,4096,64,16,6,73
1374,cuda,1,8192,128,2,14,135
1375,cuda,1,8192,64,13,14,136
1376,cuda_k_caching,1,4096,1,4,36,103
1377,cuda_k_caching,1,16384,4,13,39,270
1378,cuda_hoist,1,4096,1,11,39,106
1379,cuda_k_caching,1,32768,64,7,13,461
1380,cuda,1,65536,16,3,67,943
1381,cuda_hoist,1,131072,1,13,1493,3246
1382,cuda_k_caching,1,131072,64,1,48,1796
1383,cuda_hoist,1,262144,128,0,143,3616
1384,cuda_hoist,1,262144,64,11,145,3619
1385,cuda_k_caching,1,4096,16,3,4,71
1386,cuda_k_caching,1,16384,64,8,6,237
1387,cuda,1,32768,4,19,115,562
1388,cuda_hoist,1,8192,64,5,8,129
1389,cuda,1,4096,1,5,60,128
1390,cuda_hoist,1,262144,4,2,806,4285
1391,cuda,1,16384,4,16,63,293
1392,cuda,1,131072,128,3,76,1823
1393,cuda_hoist,1,65536,1,1,733,1610
1394,cuda,1,131072,64,12,77,1820
1395,cuda_k_caching,1,65536,16,6,44,922
1396,cuda,1,32768,64,2,26,473
1397,cuda,1,131072,64,5,77,1815
1398,cuda_hoist,1,32768,1,5,352,798
1399,cuda,1,32768,64,17,27,474
1400,cuda,1,32768,128,6,26,473
1401,cuda_hoist,1,32768,16,1,36,483
1402,cuda_k_caching,1,8192,128,9,4,125
1403,cuda_k_caching,1,8192,64,18,4,125
1404,cuda_k_caching,1,131072,128,2,48,1798
1405,cuda_k_caching,1,131072,64,13,48,1793
1406,cuda,1,8192,1,18,108,230
1407,cuda_k_caching,1,32768,128,2,13,462
1408,cuda_hoist,1,131072,4,5,408,2155
1409,cuda_k_caching,1,32768,64,13,13,461
1410,cuda,1,4096,4,17,23,90
1411,cuda_hoist,1,262144,128,14,143,3617
1412,cuda_hoist,1,4096,64,18,6,73
1413,cuda_hoist,1,4096,128,9,6,73
1414,cuda_hoist,1,262144,4,15,805,4289
1415,cuda_hoist,1,65536,64,0,41,922
1416,cuda,1,32768,128,12,26,473
1417,cuda_k_caching,1,131072,4,14,317,2063
1418,cuda_k_caching,1,32768,4,12,76,524
1419,cuda_k_caching,1,32768,64,9,13,460
1420,cuda_k_caching,1,16384,64,6,6,237
1421,cuda,1,131072,4,10,467,2214
1422,cuda,1,32768,4,17,115,561
1423,cuda,1,16384,4,18,64,294
1424,cuda,1,16384,64,3,16,246
1425,cuda_hoist,1,8192,4,10,29,150
1426,cuda_k_caching,1,65536,16,8,44,919
1427,cuda_hoist,1,4096,1,18,39,106
1428,cuda_k_caching,1,131072,4,13,317,2069
1429,cuda,1,32768,128,15,26,473
1430,cuda_k_caching,1,32768,4,15,77,524
1431,cuda_hoist,1,262144,128,9,143,3611
1432,cuda_k_caching,1,131072,64,8,48,1798
1433,cuda_hoist,1,262144,64,18,145,3625
1434,cuda_k_caching,1,16384,64,1,6,237
1435,cuda,1,131072,4,17,464,2209
1436,cuda,1,32768,4,10,115,561
1437,cuda_hoist,1,65536,1,8,737,1613
1438,cuda,1,16384,64,4,16,246
1439,cuda_hoist,1,8192,4,17,28,149
1440,cuda_hoist,1,32768,1,2,356,802
1441,cuda,1,32768,128,1,27,474
1442,cuda,1,32768,64,10,26,472
1443,cuda_hoist,1,32768,16,6,36,483
1444,cuda_hoist,1,16384,16,9,18,249
1445,cuda_k_caching,1,131072,64,14,49,1796
1446,cuda_hoist,1,8192,4,9,28,150
1447,cuda_k_caching,1,131072,128,5,48,1793
1448,cuda_hoist,1,262144,64,9,145,3610
1449,cuda_k_caching,1,32768,64,14,13,462
1450,cuda_hoist,1,131072,4,2,407,2158
1451,cuda_k_caching,1,32768,128,5,13,461
1452,cuda,1,4096,4,10,23,90
1453,cuda_hoist,1,262144,128,13,144,3624
1454,cuda_hoist,1,262144,4,12,807,4277
1455,cuda_hoist,1,65536,64,7,41,922
1456,cuda_hoist,1,131072,16,11,126,1872
1457,cuda_k_caching,1,8192,16,8,6,127
1458,cuda,1,32768,1,7,432,878
1459,cuda,1,16384,1,12,216,445
1460,cuda_hoist,1,131072,4,17,407,2154
1461,cuda_hoist,1,16384,1,9,166,397
1462,cuda_k_caching,1,32768,4,7,77,527
1463,cuda,1,262144,16,12,242,3721
1464,cuda_hoist,1,4096,4,15,14,82
1465,cuda_k_caching,1,16384,1,17,143,373
1466,cuda_k_caching,1,32768,1,18,294,741
1467,cuda_k_caching,1,65536,16,19,44,933
1468,cuda_hoist,1,32768,64,10,21,468
1469,cuda_hoist,1,32768,128,1,21,468
1470,cuda_k_caching,1,4096,16,17,4,71
1471,cuda_hoist,1,65536,1,11,732,1608
1472,cuda,1,262144,64,9,141,3597
1473,cuda,1,4096,16,12,13,80
1474,cuda_hoist,1,8192,16,17,9,131
1475,cuda,1,8192,4,12,38,160
1476,cuda_k_caching,1,16384,128,14,7,237
1477,cuda,1,8192,64,9,14,136
1478,cuda_hoist,1,65536,128,19,41,922
1479,cuda_k_caching,1,4096,16,10,4,71
1480,cuda_hoist,1,32768,128,6,21,467
1481,cuda_hoist,1,32768,64,17,21,469
1482,cuda_hoist,1,262144,1,18,3015,6483
1483,cuda_hoist,1,65536,1,16,734,1612
1484,cuda,1,4096,16,15,13,80
1485,cuda_k_caching,1,16384,16,19,12,243
1486,cuda,1,8192,4,15,39,161
1487,cuda_hoist,1,4096,4,8,14,82
1488,cuda_hoist,1,8192,16,10,9,130
1489,cuda_k_caching,1,16384,128,13,7,237
1490,cuda_hoist,1,131072,16,16,126,1876
1491,cuda,1,16384,1,15,216,446
1492,cuda,1,32768,1,0,436,882
1493,cuda_hoist,1,131072,4,10,407,2150
1494,cuda,1,262144,16,15,243,3706
1495,cuda_k_caching,1,32768,4,0,77,525
1496,cuda_hoist,1,4096,64,9,6,73
1497,cuda_hoist,1,131072,128,19,75,1821
1498,cuda_k_caching,1,16384,1,10,143,374
1499,cuda_hoist,1,4096,4,12,14,82
1500,cuda_k_caching,1,262144,16,14,174,3634
1501,cuda,1,16384,16,13,24,254
1502,cuda_hoist,1,32768,64,19,21,468
1503,cuda_hoist,1,262144,1,16,3011,6487
1504,cuda_k_caching,1,65536,16,10,44,923
1505,cuda_hoist,1,32768,128,8,21,468
1506,cuda_k_caching,1,262144,64,4,95,3567
1507,cuda_hoist,1,65536,1,18,732,1609
1508,cuda,1,4096,1,14,60,128
1509,cuda_k_caching,1,65536,4,4,155,1031
1510,cuda,1,65536,16,14,67,943
1511,cuda,1,262144,64,0,140,3605
1512,cuda_hoist,1,4096,4,6,14,82
1513,cuda_k_caching,1,16384,16,17,11,242
1514,cuda_hoist,1,65536,128,10,41,923
1515,cuda,1,8192,64,0,14,136
1516,cuda_hoist,1,8192,1,13,79,200
1517,cuda_hoist,1,131072,16,18,126,1869
1518,cuda,1,32768,1,14,434,881
1519,cuda,1,16384,128,12,17,247
1520,cuda,1,8192,1,3,109,231
1521,cuda_k_caching,1,8192,16,1,6,127
1522,cuda_hoist,1,4096,64,7,6,73
1523,cuda_hoist,1,16384,1,0,167,398
1524,cuda_k_caching,1,8192,1,2,70,192
1525,cuda_hoist,1,131072,128,17,75,1821
1526,cuda_hoist,1,131072,64,5,75,1819
1527,cuda_k_caching,1,32768,1,11,292,739
1528,cuda_hoist,1,8192,1,14,79,200
1529,cuda,1,32768,1,13,431,878
1530,cuda,1,16384,128,15,16,247
1531,cuda,1,32768,1,9,437,883
1532,cuda_k_caching,1,8192,16,6,6,127
1533,cuda,1,8192,1,4,108,229
1534,cuda_hoist,1,131072,4,19,409,2153
1535,cuda_hoist,1,4096,64,0,6,74
1536,cuda_k_caching,1,32768,4,9,77,523
1537,cuda_hoist,1,16384,1,7,166,397
1538,cuda_hoist,1,131072,128,10,75,1826
1539,cuda_k_caching,1,8192,1,5,71,192
1540,cuda_k_caching,1,16384,1,19,143,374
1541,cuda_k_caching,1,32768,1,16,292,740
1542,cuda_hoist,1,131072,64,2,76,1823
1543,cuda_k_caching,1,262144,16,13,174,3643
1544,cuda,1,16384,16,14,24,254
1545,cuda_k_caching,1,4096,16,19,4,71
1546,cuda_hoist,1,262144,1,11,3013,6498
1547,cuda_k_caching,1,65536,16,17,44,922
1548,cuda_k_caching,1,262144,64,3,95,3569
1549,cuda,1,4096,1,13,60,127
1550,cuda_k_caching,1,65536,4,3,155,1032
1551,cuda,1,65536,16,13,67,944
1552,cuda,1,262144,64,7,141,3620
1553,cuda_k_caching,1,16384,16,10,12,242
1554,cuda_hoist,1,8192,16,19,9,130
1555,cuda_hoist,1,4096,4,1,14,82
1556,cuda_hoist,1,65536,128,17,41,923
1557,cuda,1,8192,64,7,13,135
1558,cuda_k_caching,1,4096,128,10,3,71
1559,cuda_hoist,1,32768,1,13,355,801
1560,cuda_k_caching,1,32768,1,5,292,739
1561,cuda_k_caching,1,8192,4,9,21,142
1562,cuda,1,262144,128,13,140,3612
1563,cuda_hoist,1,16384,128,12,10,241
1564,cuda,1,4096,128,14,12,80
1565,cuda,1,131072,16,18,122,1865
1566,cuda_hoist,1,8192,128,12,7,129
1567,cuda,1,8192,4,8,39,161
1568,cuda,1,32768,4,5,115,563
1569,cuda_hoist,1,16384,128,8,10,241
1570,cuda_hoist,1,16384,64,19,10,241
1571,cuda,1,65536,128,10,45,923
1572,cuda,1,32768,16,13,39,487
1573,cuda_k_caching,1,131072,16,17,86,1835
1574,cuda_k_caching,1,32768,16,17,24,472
1575,cuda_k_caching,1,262144,128,19,93,3566
1576,cuda_k_caching,1,8192,4,10,21,142
1577,cuda,1,8192,16,19,15,137
1578,cuda_hoist,1,131072,16,8,126,1874
1579,cuda,1,65536,128,17,44,926
1580,cuda_k_caching,1,4096,1,18,36,103
1581,cuda,1,32768,16,14,40,487
1582,cuda,1,65536,4,8,227,1103
1583,cuda_k_caching,1,131072,16,10,86,1827
1584,cuda_hoist,1,65536,128,8,41,922
1585,cuda_k_caching,1,32768,16,10,23,471
1586,cuda_hoist,1,65536,64,19,41,923
1587,cuda_k_caching,1,8192,4,17,21,142
1588,cuda_k_caching,1,4096,128,17,3,71
1589,cuda_hoist,1,32768,1,14,354,800
1590,cuda_k_caching,1,32768,1,2,292,740
1591,cuda,1,262144,128,14,140,3610
1592,cuda_hoist,1,16384,128,15,10,240
1593,cuda_k_caching,1,65536,128,18,26,907
1594,cuda,1,4096,128,13,12,80
1595,cuda_k_caching,1,262144,16,9,174,3638
1596,cuda_hoist,1,8192,128,15,7,129
1597,cuda,1,32768,4,2,115,562
1598,cuda_hoist,1,131072,16,6,126,1871
1599,cuda_hoist,1,16384,128,1,10,241
1600,cuda_hoist,1,16384,64,10,10,241
1601,cuda,1,65536,4,6,227,1103
1602,cuda_k_caching,1,4096,1,16,36,103
1603,cuda_hoist,1,4096,1,4,39,107
1604,cuda,1,65536,128,19,45,924
1605,cuda_k_caching,1,8192,16,15,6,127
1606,cuda_hoist,1,4096,16,4,7,74
1607,cuda_k_caching,1,8192,64,2,4,126
1608,cuda_hoist,1,65536,64,17,41,921
1609,cuda_hoist,1,65536,128,6,41,925
1610,cuda_k_caching,1,262144,128,10,93,3565
1611,cuda_hoist,1,4096,16,15,7,74
1612,cuda_k_caching,1,8192,4,19,21,142
1613,cuda,1,8192,16,10,15,137
1614,cuda_k_caching,1,4096,128,19,3,71
1615,cuda,1,8192,16,3,15,137
1616,cuda_hoist,1,16384,1,15,167,397
1617,cuda_hoist,1,16384,4,2,53,283
1618,cuda_k_caching,1,8192,4,0,21,142
1619,cuda_hoist,1,262144,16,12,255,3721
1620,cuda,1,262144,16,3,243,3712
1621,cuda_k_caching,1,65536,128,16,26,912
1622,cuda_k_caching,1,262144,16,7,174,3641
1623,cuda,1,131072,16,11,122,1865
1624,cuda,1,8192,4,1,39,161
1625,cuda,1,8192,16,4,15,137
1626,cuda_hoist,1,16384,4,5,53,283
1627,cuda_hoist,1,16384,1,12,165,396
1628,cuda_k_caching,1,8192,4,7,21,142
1629,cuda_hoist,1,262144,16,15,255,3724
1630,cuda,1,262144,16,4,242,3718
1631,cuda_k_caching,1,65536,128,11,26,906
1632,cuda_k_caching,1,262144,16,0,174,3642
1633,cuda,1,131072,16,16,122,1869
1634,cuda,1,8192,4,6,38,160
1635,cuda_hoist,1,131072,16,1,126,1868
1636,cuda_hoist,1,16384,64,17,10,241
1637,cuda_hoist,1,16384,128,6,10,240
1638,cuda,1,65536,4,1,230,1106
1639,cuda_hoist,1,4096,1,3,39,107
1640,cuda_k_caching,1,4096,1,11,36,103
1641,cuda_k_caching,1,8192,16,12,6,127
1642,cuda_hoist,1,4096,16,3,7,74
1643,cuda_k_caching,1,131072,16,19,86,1831
1644,cuda_k_caching,1,262144,128,17,92,3565
1645,cuda_hoist,1,65536,128,1,41,922
1646,cuda_hoist,1,65536,64,10,42,921
1647,cuda_k_caching,1,32768,16,19,23,471
1648,cuda_k_caching,1,8192,64,5,4,126
1649,cuda_hoist,1,4096,16,12,7,74
1650,cuda,1,8192,16,17,15,136
1651,cuda_hoist,1,4096,1,19,39,106
1652,cuda_k_caching,1,32768,4,14,77,524
1653,cuda,1,32768,128,14,26,473
1654,cuda_k_caching,1,131072,4,12,317,2059
1655,cuda_k_caching,1,131072,64,9,48,1799
1656,cuda_hoist,1,262144,128,8,143,3610
1657,cuda_hoist,1,262144,64,19,144,3622
1658,cuda_k_caching,1,16384,64,0,6,237
1659,cuda,1,32768,4,11,116,561
1660,cuda,1,131072,4,16,463,2209
1661,cuda_hoist,1,8192,4,16,29,150
1662,cuda,1,16384,64,5,16,247
1663,cuda_hoist,1,65536,1,9,737,1615
1664,cuda_hoist,1,32768,1,3,358,805
1665,cuda,1,32768,128,0,26,471
1666,cuda,1,32768,64,11,26,472
1667,cuda_hoist,1,32768,16,7,36,482
1668,cuda_hoist,1,8192,4,8,28,150
1669,cuda_k_caching,1,131072,64,15,48,1799
1670,cuda_k_caching,1,131072,128,4,48,1793
1671,cuda_hoist,1,16384,16,8,18,249
1672,cuda_k_caching,1,32768,64,15,13,461
1673,cuda_k_caching,1,32768,128,4,13,461
1674,cuda_hoist,1,131072,4,3,407,2151
1675,cuda_hoist,1,262144,64,8,145,3622
1676,cuda_hoist,1,262144,128,12,143,3621
1677,cuda,1,4096,4,11,23,90
1678,cuda_hoist,1,65536,64,6,42,921
1679,cuda_hoist,1,262144,4,13,808,4279
1680,cuda_hoist,1,32768,1,4,354,802
1681,cuda,1,32768,64,16,26,473
1682,cuda,1,32768,128,7,27,477
1683,cuda_k_caching,1,8192,128,8,4,125
1684,cuda_hoist,1,32768,16,0,36,482
1685,cuda_k_caching,1,8192,64,19,4,126
1686,cuda_k_caching,1,131072,128,3,48,1793
1687,cuda,1,8192,1,19,109,231
1688,cuda_k_caching,1,131072,64,12,49,1797
1689,cuda_hoist,1,131072,4,4,410,2152
1690,cuda_k_caching,1,32768,128,3,13,462
1691,cuda_k_caching,1,32768,64,12,13,462
1692,cuda_hoist,1,262144,128,15,144,3626
1693,cuda,1,4096,4,16,23,91
1694,cuda_hoist,1,4096,64,19,6,73
1695,cuda_hoist,1,4096,128,8,6,74
1696,cuda_hoist,1,65536,64,1,41,921
1697,cuda_hoist,1,262144,4,14,804,4274
1698,cuda_k_caching,1,32768,4,13,77,524
1699,cuda_k_caching,1,131072,4,15,317,2062
1700,cuda,1,32768,128,13,26,472
1701,cuda_k_caching,1,32768,64,8,13,461
1702,cuda_k_caching,1,16384,64,7,6,237
1703,cuda,1,32768,4,16,115,561
1704,cuda,1,131072,4,11,462,2205
1705,cuda,1,16384,4,19,64,295
1706,cuda_hoist,1,8192,4,11,28,150
1707,cuda,1,16384,64,2,16,247
1708,cuda_k_caching,1,65536,16,9,44,921
1709,cuda_hoist,1,16384,16,12,18,248
1710,cuda_k_caching,1,16384,4,4,39,270
1711,cuda,1,32768,128,9,26,474
1712,cuda,1,32768,64,18,26,471
1713,cuda_k_caching,1,8192,64,17,4,126
1714,cuda_k_caching,1,8192,128,6,4,125
1715,cuda_hoist,1,16384,16,1,18,249
1716,cuda,1,8192,1,17,109,231
1717,cuda_hoist,1,8192,4,1,28,150
1718,cuda_hoist,1,262144,64,1,145,3626
1719,cuda_hoist,1,65536,16,15,66,945
1720,cuda_k_caching,1,32768,128,12,13,462
1721,cuda_hoist,1,65536,4,14,202,1078
1722,cuda,1,4096,4,18,23,90
1723,cuda,1,4096,64,3,13,80
1724,cuda_hoist,1,4096,128,6,6,74
1725,cuda_hoist,1,4096,64,17,6,73
1726,cuda,1,16384,1,4,215,444
1727,cuda,1,8192,128,3,14,135
1728,cuda,1,8192,64,12,13,135
1729,cuda_hoist,1,4096,1,10,39,106
1730,cuda_k_caching,1,16384,4,12,39,269
1731,cuda_k_caching,1,4096,1,5,36,103
1732,cuda_hoist,1,262144,128,1,143,3614
1733,cuda_k_caching,1,131072,64,0,48,1796
1734,cuda_hoist,1,262144,64,10,144,3618
1735,cuda_k_caching,1,32768,64,6,13,461
1736,cuda,1,65536,16,2,67,945
1737,cuda_hoist,1,131072,1,12,1491,3236
1738,cuda_k_caching,1,4096,16,2,4,71
1739,cuda_k_caching,1,16384,64,9,7,237
1740,cuda,1,32768,4,18,117,565
1741,cuda,1,16384,4,17,63,294
1742,cuda_hoist,1,262144,4,3,809,4298
1743,cuda,1,4096,1,4,60,127
1744,cuda_hoist,1,8192,64,4,8,129
1745,cuda_hoist,1,65536,1,0,737,1615
1746,cuda,1,131072,128,2,76,1828
1747,cuda,1,131072,64,13,77,1821
1748,cuda,1,131072,64,4,77,1823
1749,cuda_k_caching,1,65536,16,7,44,921
1750,cuda,1,32768,64,3,27,474
1751,cuda_k_caching,1,4096,1,2,36,103
1752,cuda_k_caching,1,16384,4,15,39,270
1753,cuda_hoist,1,4096,1,17,39,106
1754,cuda_hoist,1,262144,64,17,144,3626
1755,cuda_k_caching,1,131072,64,7,49,1788
1756,cuda_hoist,1,262144,128,6,144,3626
1757,cuda_hoist,1,131072,1,15,1497,3241
1758,cuda,1,65536,16,5,67,945
1759,cuda_k_caching,1,32768,64,1,13,462
1760,cuda_k_caching,1,4096,16,5,4,71
1761,cuda,1,131072,4,18,464,2212
1762,cuda,1,16384,4,10,64,294
1763,cuda,1,4096,1,3,60,128
1764,cuda_hoist,1,8192,64,3,7,129
1765,cuda_hoist,1,262144,4,4,803,4275
1766,cuda,1,131072,64,14,77,1820
1767,cuda,1,131072,128,5,76,1817
1768,cuda_hoist,1,65536,1,7,735,1614
1769,cuda_hoist,1,8192,4,18,29,150
1770,cuda,1,131072,64,3,77,1822
1771,cuda,1,32768,64,4,26,474
1772,cuda_k_caching,1,65536,16,0,44,922
1773,cuda_hoist,1,16384,16,15,18,249
1774,cuda_k_caching,1,16384,4,3,39,270
1775,cuda_hoist,1,32768,16,9,35,483
1776,cuda_k_caching,1,8192,128,1,4,125
1777,cuda_k_caching,1,8192,64,10,4,126
1778,cuda_hoist,1,16384,16,6,18,248
1779,cuda_hoist,1,8192,4,6,29,150
1780,cuda,1,8192,1,10,109,231
1781,cuda_hoist,1,262144,64,6,144,3622
1782,cuda_hoist,1,65536,4,13,202,1078
1783,cuda_k_caching,1,32768,128,15,13,462
1784,cuda_hoist,1,65536,16,12,66,942
1785,cuda_hoist,1,4096,64,10,6,73
1786,cuda_hoist,1,4096,128,1,6,74
1787,cuda,1,4096,64,4,13,80
1788,cuda,1,16384,1,3,216,446
1789,cuda,1,8192,64,15,14,135
1790,cuda_hoist,1,65536,64,8,42,921
1791,cuda,1,8192,128,4,13,135
1792,cuda_hoist,1,65536,16,5,66,941
1793,cuda_hoist,1,262144,1,8,3011,6489
1794,cuda,1,4096,16,9,13,80
1795,cuda_hoist,1,131072,128,2,76,1824
1796,cuda_hoist,1,131072,64,13,76,1827
1797,cuda_k_caching,1,8192,128,17,4,125
1798,cuda,1,262144,128,1,139,3614
1799,cuda_hoist,1,32768,64,4,21,468
1800,cuda_hoist,1,4096,128,15,6,74
1801,cuda,1,262144,64,10,141,3611
1802,cuda,1,8192,128,13,13,135
1803,cuda_hoist,1,16384,4,10,53,283
1804,cuda_k_caching,1,131072,128,15,48,1790
1805,cuda_hoist,1,131072,1,1,1492,3240
1806,cuda,1,16384,64,18,16,247
1807,cuda,1,32768,16,9,39,485
1808,cuda,1,16384,128,9,16,247
1809,cuda_k_caching,1,4096,128,4,3,71
1810,cuda_hoist,1,32768,16,12,36,485
1811,cuda,1,16384,16,6,24,254
1812,cuda_k_caching,1,4096,64,15,3,71
1813,cuda_k_caching,1,65536,4,16,155,1030
1814,cuda_k_caching,1,131072,4,8,316,2060
1815,cuda_k_caching,1,16384,16,3,12,242
1816,cuda,1,4096,64,10,12,80
1817,cuda_k_caching,1,4096,64,8,3,71
1818,cuda,1,4096,128,1,12,80
1819,cuda_hoist,1,32768,4,1,102,549
1820,cuda_hoist,1,8192,64,15,8,129
1821,cuda,1,65536,64,8,45,927
1822,cuda_hoist,1,8192,128,4,7,129
1823,cuda,1,65536,4,13,228,1102
1824,cuda_k_caching,1,4096,4,13,10,78
1825,cuda_k_caching,1,262144,128,9,93,3560
1826,cuda_hoist,1,131072,1,6,1495,3249
1827,cuda,1,131072,16,9,122,1869
1828,cuda_k_caching,1,262144,64,18,94,3569
1829,cuda_k_caching,1,4096,64,12,3,71
1830,cuda,1,16384,16,1,23,254
1831,cuda_hoist,1,32768,16,15,36,482
1832,cuda_k_caching,1,4096,128,3,3,71
1833,cuda,1,16384,4,8,64,294
1834,cuda_hoist,1,8192,16,9,9,130
1835,cuda_k_caching,1,65536,4,11,155,1031
1836,cuda,1,65536,64,18,45,924
1837,cuda,1,4096,128,6,12,80
1838,cuda,1,4096,64,17,12,80
1839,cuda_k_caching,1,16384,16,4,12,242
1840,cuda,1,65536,128,9,45,927
1841,cuda_k_caching,1,16384,1,8,143,374
1842,cuda_hoist,1,32768,4,6,101,549
1843,cuda_hoist,1,8192,128,3,7,129
1844,cuda_hoist,1,8192,64,12,8,129
1845,cuda,1,65536,4,14,229,1104
1846,cuda_k_caching,1,4096,4,14,10,77
1847,cuda,1,131072,128,18,77,1820
1848,cuda_hoist,1,65536,16,2,66,943
1849,cuda,1,4096,4,8,23,90
1850,cuda_hoist,1,131072,64,14,76,1817
1851,cuda_hoist,1,131072,128,5,75,1822
1852,cuda_k_caching,1,8192,128,10,4,126
1853,cuda_k_caching,1,4096,4,9,10,78
1854,cuda,1,262144,64,17,141,3616
1855,cuda_hoist,1,32768,64,3,21,469
1856,cuda_hoist,1,4096,128,12,6,73
1857,cuda,1,262144,128,6,139,3617
1858,cuda,1,8192,128,14,14,135
1859,cuda_hoist,1,32768,4,18,102,547
1860,cuda_k_caching,1,131072,128,12,48,1793
1861,cuda_hoist,1,16384,4,17,53,283
1862,cuda,1,32768,16,0,40,486
1863,cuda,1,16384,64,11,16,247
1864,cuda_k_caching,1,65536,64,4,26,907
1865,cuda,1,16384,128,0,16,246
1866,cuda,1,131072,16,7,122,1870
1867,cuda_k_caching,1,262144,64,16,94,3567
1868,cuda_k_caching,1,262144,128,7,93,3560
1869,cuda_hoist,1,131072,1,8,1494,3236
1870,cuda_k_caching,1,8192,1,15,71,192
1871,cuda_k_caching,1,65536,64,12,26,905
1872,cuda_k_caching,1,65536,128,3,26,905
1873,cuda_hoist,1,8192,16,7,9,130
1874,cuda,1,16384,4,6,63,294
1875,cuda_k_caching,1,131072,4,1,317,2064
1876,cuda_hoist,1,32768,4,8,102,549
1877,cuda_k_caching,1,16384,1,6,143,374
1878,cuda,1,4096,64,19,12,80
1879,cuda,1,65536,128,7,44,932
1880,cuda,1,65536,64,16,45,926
1881,cuda,1,4096,128,8,12,80
1882,cuda_k_caching,1,4096,64,1,3,71
1883,cuda,1,65536,64,1,45,926
1884,cuda_k_caching,1,16384,128,4,7,238
1885,cuda_k_caching,1,16384,64,15,6,238
1886,cuda_k_caching,1,32768,16,5,23,471
1887,cuda_k_caching,1,131072,16,3,86,1834
1888,cuda,1,131072,4,4,465,2213
1889,cuda,1,131072,128,16,76,1821
1890,cuda_hoist,1,8192,1,3,79,201
1891,cuda,1,4096,4,6,23,90
1892,cuda,1,4096,16,0,13,80
1893,cuda_hoist,1,262144,1,1,3014,6496
1894,cuda_hoist,1,65536,4,2,204,1080
1895,cuda_hoist,1,262144,16,2,255,3723
1896,cuda_k_caching,1,4096,4,7,10,77
1897,cuda_hoist,1,16384,64,2,10,241
1898,cuda,1,262144,128,8,139,3615
1899,cuda,1,262144,64,19,143,3618
1900,cuda_hoist,1,32768,128,14,21,469
1901,cuda_hoist,1,32768,4,16,102,551
1902,cuda_hoist,1,16384,4,19,52,283
1903,cuda_hoist,1,262144,1,6,3013,6493
1904,cuda,1,4096,4,1,23,90
1905,cuda,1,4096,16,7,13,80
1906,cuda_hoist,1,65536,4,5,203,1078
1907,cuda_k_caching,1,8192,128,19,4,125
1908,cuda_hoist,1,262144,16,5,254,3728
1909,cuda_k_caching,1,4096,4,0,10,78
1910,cuda_hoist,1,16384,64,5,10,241
1911,cuda_hoist,1,32768,4,11,102,549
1912,cuda_hoist,1,32768,128,13,21,467
1913,cuda_k_caching,1,65536,64,3,26,907
1914,cuda,1,16384,128,7,16,247
1915,cuda,1,16384,64,16,17,247
1916,cuda,1,32768,16,7,39,486
1917,cuda_k_caching,1,262144,128,0,92,3565
1918,cuda_k_caching,1,262144,64,11,94,3559
1919,cuda,1,131072,16,0,122,1867
1920,cuda_k_caching,1,8192,1,12,70,191
1921,cuda,1,16384,16,8,24,254
1922,cuda_k_caching,1,65536,128,4,26,904
1923,cuda_k_caching,1,65536,64,15,26,907
1924,cuda_hoist,1,8192,16,0,9,130
1925,cuda,1,16384,4,1,64,294
1926,cuda_k_caching,1,65536,4,18,155,1034
1927,cuda_k_caching,1,131072,4,6,316,2063
1928,cuda_k_caching,1,16384,1,1,143,373
1929,cuda_k_caching,1,4096,64,6,3,71
1930,cuda,1,65536,64,11,45,927
1931,cuda,1,65536,128,0,45,928
1932,cuda_k_caching,1,32768,16,2,23,471
1933,cuda_k_caching,1,16384,64,12,7,237
1934,cuda_k_caching,1,16384,128,3,6,237
1935,cuda,1,65536,64,6,45,926
1936,cuda_k_caching,1,131072,16,4,86,1829
1937,cuda,1,131072,4,3,463,2209
1938,cuda,1,131072,128,11,77,1819
1939,cuda_hoist,1,8192,1,4,79,200
